title,company,location,posted_date,job_type,remote_option,salary_info,job_url,scraped_date
EdgeOps Engineer (all genders),,Munich,vor 10 Stunden,Vollzeit,Vor Ort,Gehalt verfügbar,https://www.stepstone.de/stellenangebote--EdgeOps-Engineer-all-genders-Berlin-Munich-SKD-SE--13318387-inline.html,2025-11-11 16:40:09
Freier Handelsvertreter (m/w/d) für Embedded Systeme im Raum DACH,,Bewerbung,vor 16 Stunden,Freelance,Vor Ort,,https://www.stepstone.de/stellenangebote--Freier-Handelsvertreter-m-w-d-fuer-Embedded-Systeme-im-Raum-DACH-Stutensee-Marketplace-Hub--12675228-inline.html,2025-11-11 16:40:09
"Duales Studium: ""Embedded Systems"" (w/m/d), Taufkirchen, Start 2026",,Taufkirchen,vor 4 Stunden,Duales Studium,Vor Ort,,https://www.stepstone.de/stellenangebote--Duales-Studium-Embedded-Systems-w-m-d-Taufkirchen-Start-2026-Taufkirchen-HENSOLDT--13187227-inline.html,2025-11-11 16:40:09
Senior Embedded Software Engineer (all genders),,Munich,vor 13 Stunden,Vollzeit,Vor Ort,Gehalt verfügbar,https://www.stepstone.de/stellenangebote--Senior-Embedded-Software-Engineer-all-genders-Munich-SKD-SE--13318437-inline.html,2025-11-11 16:40:09
Entwicklungsingenieur (m/w/d) Embedded Software,,Bodensee,vor 13 Stunden,Vollzeit,Vor Ort,Gehalt verfügbar,https://www.stepstone.de/stellenangebote--Entwicklungsingenieur-m-w-d-Embedded-Software-Ueberlingen-am-Bodensee-Diehl-Defence-GmbH-Co-KG--13187868-inline.html,2025-11-11 16:40:09
Testmanager Embedded-IoT-Produkte (m/w/d),,Taunusstein (Großraum Wiesbaden),vor 14 Stunden,Vollzeit,Teilweise Home-Office,Gehalt verfügbar,https://www.stepstone.de/stellenangebote--Testmanager-Embedded-IoT-Produkte-m-w-d-Taunusstein-Grossraum-Wiesbaden-BRITA-Gruppe--13317922-inline.html,2025-11-11 16:40:09
Working Student (m/f/d) Product Development and Series Support,,München,vor 4 Stunden,Werkstudent,Vor Ort,,https://www.stepstone.de/stellenangebote--Working-Student-m-f-d-Product-Development-and-Series-Support-Muenchen-AES-Aerospace-Embedded-Solutions-GmbH--13187268-inline.html,2025-11-11 16:40:09
Experte Elektrik / Elektronik und Softwareentwicklung (w/m/d),,Heilbronn,vor 9 Stunden,Vollzeit,Teilweise Home-Office,Gehalt verfügbar,https://www.stepstone.de/stellenangebote--Experte-Elektrik-Elektronik-und-Softwareentwicklung-w-m-d-Pfedelbach-bei-Heilbronn-SCHEUERLE-Fahrzeugfabrik-GmbH--13318363-inline.html,2025-11-11 16:40:09
Electronic Warfare Software Engineer (All Genders),,Berlin,vor 15 Stunden,Vollzeit,Vor Ort,Gehalt verfügbar,https://www.stepstone.de/stellenangebote--Electronic-Warfare-Software-Engineer-All-Genders-Berlin-SKD-SE--13318388-inline.html,2025-11-11 16:40:10
Radio & Data Link Integration Engineer (m/f/d),,Munich,vor 6 Stunden,Vollzeit,Vor Ort,Gehalt verfügbar,https://www.stepstone.de/stellenangebote--Radio-Data-Link-Integration-Engineer-m-f-d-Munich-SKD-SE--13318415-inline.html,2025-11-11 16:40:10
Werkstudent Onboard Software (m/w/d),,Stuttgart,vor 2 Stunden,Werkstudent,Teilweise Home-Office,,https://www.stepstone.de/stellenangebote--Werkstudent-Onboard-Software-m-w-d-Stuttgart-Mercedes-Benz-Tech-Innovation--13319291-inline.html,2025-11-11 16:40:10
Automotive Test Engineer - Vehicle Access Systems (m/w/d),,München,vor 10 Stunden,Vollzeit,Vor Ort,Gehalt verfügbar,https://www.stepstone.de/stellenangebote--Automotive-Test-Engineer-Vehicle-Access-Systems-m-w-d-Muenchen-Tata-Technologies-Europe-Ltd--13317541-inline.html,2025-11-11 16:40:10
Entwicklungsingenieur für Optische „High-Speed“-Verbindungstechnik mit Schwerpunkt Messtechnik (m/w/x),,Oberkochen (Baden-Württemberg),vor 12 Stunden,Vollzeit,Vor Ort,,https://www.stepstone.de/stellenangebote--Entwicklungsingenieur-fuer-Optische-High-Speed-Verbindungstechnik-mit-Schwerpunkt-Messtechnik-m-w-x-Oberkochen-Baden-Wuerttemberg-ZEISS--13317807-inline.html,2025-11-11 16:40:10
(S)VP Counter-UAS – Lead for Counter-Drone/Missile Systems,,Berlin,vor 5 Stunden,Vollzeit,Vor Ort,Gehalt verfügbar,https://www.stepstone.de/stellenangebote--SVP-Counter-UAS-Lead-for-Counter-Drone-Missile-Systems-Munich-Berlin-SKD-SE--13318377-inline.html,2025-11-11 16:40:10
Senior IT Berater - SAP BI / Analytics / Cloud / Sales (m/w/d),,Office,vor 7 Stunden,Vollzeit,Teilweise Home-Office,Gehalt verfügbar,https://www.stepstone.de/stellenangebote--Senior-IT-Berater-SAP-BI-Analytics-Cloud-Sales-m-w-d-Halle-Saale-Freiburg-im-Breisgau-Karlsruhe-Berlin-Hamburg-Muenchen-Leipzig-Dresden-NEOMATIC-AG--13187266-inline.html,2025-11-11 16:40:10
Embedded Softwareentwickler in der Verkehrstechnik (m/w/d),,Dresden,vor 12 Stunden,Vollzeit,Vor Ort,Gehalt verfügbar,https://www.stepstone.de/stellenangebote--Embedded-Softwareentwickler-in-der-Verkehrstechnik-m-w-d-Dresden-Marketplace-Hub--13318142-inline.html,2025-11-11 16:40:10
Hardwareentwickler / Leiterplatten-Layouter (m/w/d),,Lahn,vor 16 Stunden,Vollzeit,Teilweise Home-Office,Gehalt verfügbar,https://www.stepstone.de/stellenangebote--Hardwareentwickler-Leiterplatten-Layouter-m-w-d-Limburg-an-der-Lahn-Marketplace-Hub--13201576-inline.html,2025-11-11 16:40:10
Production Engineer / Specialist – Robotics (m/f/d),,Oberding,vor 16 Stunden,Vollzeit,Vor Ort,Gehalt verfügbar,https://www.stepstone.de/stellenangebote--Production-Engineer-Specialist-Robotics-m-f-d-Oberding-Marketplace-Hub--13187584-inline.html,2025-11-11 16:40:10
Elektronikentwickler/in (m/w/d),,Nuremberg,vor 16 Stunden,Vollzeit,Teilweise Home-Office,Gehalt verfügbar,https://www.stepstone.de/stellenangebote--Elektronikentwickler-in-m-w-d-Nuremberg-Marketplace-Hub--10990695-inline.html,2025-11-11 16:40:11
Linux-Systementwickler (gn),,Chemnitz,vor 15 Stunden,Vollzeit,Vor Ort,Gehalt verfügbar,https://www.stepstone.de/stellenangebote--Linux-Systementwickler-gn-Chemnitz-Marketplace-Hub--13061549-inline.html,2025-11-11 16:40:11
Senior Cyber Security Engineer (m/f/d),,Oberding,vor 10 Stunden,Vollzeit,Vor Ort,Gehalt verfügbar,https://www.stepstone.de/stellenangebote--Senior-Cyber-Security-Engineer-m-f-d-Oberding-Marketplace-Hub--13187588-inline.html,2025-11-11 16:40:11
Innovation Enabler (m/w/d),,Deutschland,vor 14 Stunden,Vollzeit,Teilweise Home-Office,Gehalt verfügbar,https://www.stepstone.de/stellenangebote--Innovation-Enabler-m-w-d-Hamburg-Deutschland-Marketplace-Hub--13316908-inline.html,2025-11-11 16:40:11
Electronics Development Engineer (Human),,Metzingen,vor 15 Stunden,Vollzeit,Vor Ort,Gehalt verfügbar,https://www.stepstone.de/stellenangebote--Electronics-Development-Engineer-Human-Metzingen-Marketplace-Hub--13127474-inline.html,2025-11-11 16:40:11
Robotics System Engineer (Human),,Metzingen,vor 16 Stunden,Vollzeit,Vor Ort,Gehalt verfügbar,https://www.stepstone.de/stellenangebote--Robotics-System-Engineer-Human-Metzingen-Marketplace-Hub--13127481-inline.html,2025-11-11 16:40:11
Applikationsingenieur Hardwareentwicklung (m/w/x),,Jena,vor 15 Stunden,Vollzeit,Vor Ort,,https://www.stepstone.de/stellenangebote--Applikationsingenieur-Hardwareentwicklung-m-w-x-Jena-ZEISS--12996247-inline.html,2025-11-11 16:40:11
Embedded Systems Engineer(m/w/d),,München,vor 6 Stunden,Vollzeit,Teilweise Home-Office,Gehalt verfügbar,https://www.stepstone.de/stellenangebote--Embedded-Systems-Engineerm-w-d-Muenchen-AGSOTEC-GmbH--13317638-inline.html,2025-11-11 16:40:19
Senior Entwicklungsingenieur (m/w/d) für Medizinprodukte (Software und Hardware),,Berlin,vor 13 Stunden,Vollzeit,Vor Ort,Gehalt verfügbar,https://www.stepstone.de/stellenangebote--Senior-Entwicklungsingenieur-m-w-d-fuer-Medizinprodukte-Software-und-Hardware-Berlin-BEBIG-Medical-GmbH--13187280-inline.html,2025-11-11 16:40:19
Technical Solutions Manager - Projektmanagement / Hardware / Sensorik (m/w/d),,Heidelberg,vor 16 Stunden,Vollzeit,Vor Ort,Gehalt verfügbar,https://www.stepstone.de/stellenangebote--Technical-Solutions-Manager-Projektmanagement-Hardware-Sensorik-m-w-d-Heidelberg-AMERIA-AG--11650563-inline.html,2025-11-11 16:40:20
"Duales Studium: ""Embedded Systems"" (w/m/d), Immenstaad, Start 2026",,Immenstaad,vor 4 Stunden,Duales Studium,Vor Ort,,https://www.stepstone.de/stellenangebote--Duales-Studium-Embedded-Systems-w-m-d-Immenstaad-Start-2026-Immenstaad-HENSOLDT--13187603-inline.html,2025-11-11 16:40:20
Werkstudent Hardware System (m/w/d),,Nürnberg,vor 4 Stunden,Werkstudent,Teilweise Home-Office,,https://www.stepstone.de/stellenangebote--Werkstudent-Hardware-System-m-w-d-Nuernberg-Ziehm-Imaging-GmbH--13317163-inline.html,2025-11-11 16:40:20
Software Engineer (m/w/d) Embedded Systems,,Hamburg,vor 9 Stunden,Vollzeit,Teilweise Home-Office,Gehalt verfügbar,https://www.stepstone.de/stellenangebote--Software-Engineer-m-w-d-Embedded-Systems-Hamburg-Eppendorf-Instrumente-GmbH--13317494-inline.html,2025-11-11 16:40:20
Hardwarearchitekt für Radiosysteme (m/w/d),,Flintbek,vor 11 Stunden,Vollzeit,Teilweise Home-Office,,https://www.stepstone.de/stellenangebote--Hardwarearchitekt-fuer-Radiosysteme-m-w-d-Flintbek-TKMS-Hagenuk-Marinekommunikation-GmbH--13319116-inline.html,2025-11-11 16:40:20
Praktikum Embedded-Firmware-Entwicklung – IO-Link Wireless Devices (SoSe 2026),,Teck,vor 13 Stunden,Vollzeit,Teilweise Home-Office,,https://www.stepstone.de/stellenangebote--Praktikum-Embedded-Firmware-Entwicklung-IO-Link-Wireless-Devices-SoSe-2026-Owen-bei-Kirchheim-Teck-Leuze-electronic-GmbH-Co-KG--13187846-inline.html,2025-11-11 16:40:20
Entwicklungsingenieur - Hardware für Bordnetzkomponenten (w/m/d),,München,vor 10 Stunden,Vollzeit,Teilweise Home-Office,,https://www.stepstone.de/stellenangebote--Entwicklungsingenieur-Hardware-fuer-Bordnetzkomponenten-w-m-d-Muenchen-MAN-Truck-Bus-Group--13186750-inline.html,2025-11-11 16:40:20
Category Manager (m/w/d) IT Hardware,,Kempten,vor 15 Stunden,Vollzeit,Teilweise Home-Office,,https://www.stepstone.de/stellenangebote--Category-Manager-m-w-d-IT-Hardware-Kempten-DACHSER-SE--13186394-inline.html,2025-11-11 16:40:20
Servicetechniker und IT-Liebhaber (m/w/d),,München,vor 9 Stunden,Vollzeit,Vor Ort,Gehalt verfügbar,https://www.stepstone.de/stellenangebote--Servicetechniker-und-IT-Liebhaber-m-w-d-Muenchen-BWI-GmbH--13317774-inline.html,2025-11-11 16:40:20
Recruiter,,Berlin,vor 5 Stunden,Vollzeit,Vor Ort,Gehalt verfügbar,https://www.stepstone.de/stellenangebote--Recruiter-Munich-Berlin-SKD-SE--13318416-inline.html,2025-11-11 16:40:20
(Senior) IT Techniker / Servicetechniker / Systemelektroniker (m/w/d),,Ingolstadt,vor 11 Stunden,Vollzeit,Teilweise Home-Office,Gehalt verfügbar,https://www.stepstone.de/stellenangebote--Senior-IT-Techniker-Servicetechniker-Systemelektroniker-m-w-d-Ingolstadt-BWI-GmbH--13186716-inline.html,2025-11-11 16:40:21
Administrator/in IT-Sicherheit (m/w/d),,Office,vor 10 Stunden,Vollzeit,Teilweise Home-Office,Gehalt verfügbar,https://www.stepstone.de/stellenangebote--Administrator-in-IT-Sicherheit-m-w-d-Koblenz-Miehlen-Home-Office-Netzwerkleute-Inh-Noah-Dressler--13317225-inline.html,2025-11-11 16:40:21
Junior IT Infrastructure Support (m/w/d),,Baunach,vor 46 Minuten,Vollzeit,Vor Ort,,https://www.stepstone.de/stellenangebote--Junior-IT-Infrastructure-Support-m-w-d-Baunach-Megger-Holding-Germany-GmbH-Co-KG--13319441-inline.html,2025-11-11 16:40:21
Projekt-/Bauleiter (m/w/d),,Rosenheim,vor 1 Stunde,Vollzeit,Vor Ort,Gehalt verfügbar,https://www.stepstone.de/stellenangebote--Projekt-Bauleiter-m-w-d-Rosenheim-Unterweger-Isolierungen-GmbH--13317928-inline.html,2025-11-11 16:40:21
Elektronikentwickler (m/w/d),,Freiburg,vor 1 Stunde,Vollzeit,Vor Ort,Gehalt verfügbar,https://www.stepstone.de/stellenangebote--Elektronikentwickler-m-w-d-Freiburg-Z-LASER-GmbH--13319098-inline.html,2025-11-11 16:40:21
Berater:in für die betriebliche Altersvorsorge (m/w/d) Bestandskunden in der Region Mittelhessen,,Alters,vor 5 Stunden,Vollzeit,Teilweise Home-Office,Gehalt verfügbar,https://www.stepstone.de/stellenangebote--Berater-in-fuer-die-betriebliche-Altersvorsorge-m-w-d-Bestandskunden-in-der-Region-Mittelhessen-Mittelhessen-SV-SparkassenVersicherung--13187333-inline.html,2025-11-11 16:40:21
IT-Techniker / Servicetechniker / Systemelektroniker (m/w/d),,Wuppertal,vor 14 Stunden,Vollzeit,Vor Ort,Gehalt verfügbar,https://www.stepstone.de/stellenangebote--IT-Techniker-Servicetechniker-Systemelektroniker-m-w-d-Wuppertal-POSIFLEX-GmbH--13317797-inline.html,2025-11-11 16:40:21
Senior Multi-Agent Platform & Full-Stack Engineer (m/w/d),,Hamburg,vor 5 Stunden,Vollzeit,Teilweise Home-Office,Gehalt verfügbar,https://www.stepstone.de/stellenangebote--Senior-Multi-Agent-Platform-Full-Stack-Engineer-m-w-d-Hamburg-MPC-Muenchmeyer-Petersen-Co-GmbH--13166839-inline.html,2025-11-11 16:40:21
Physiker:in (all genders) in der Applikation - optische Messtechnik,,Berlin,vor 10 Stunden,Vollzeit,Teilweise Home-Office,Gehalt verfügbar,https://www.stepstone.de/stellenangebote--Physiker-in-all-genders-in-der-Applikation-optische-Messtechnik-Berlin-munerio-consulting-GmbH--12739415-inline.html,2025-11-11 16:40:21
Associate IT Expert Military IT - Logistik und IT-Technik (m/w/d),,Lohheide,vor 14 Stunden,Vollzeit,Vor Ort,,https://www.stepstone.de/stellenangebote--Associate-IT-Expert-Military-IT-Logistik-und-IT-Technik-m-w-d-Lohheide-BWI-GmbH--13188452-inline.html,2025-11-11 16:40:21
Senior Computer Vision Engineer (All Genders),,Munich,vor 6 Stunden,Vollzeit,Vor Ort,Gehalt verfügbar,https://www.stepstone.de/stellenangebote--Senior-Computer-Vision-Engineer-All-Genders-Berlin-Munich-SKD-SE--13318434-inline.html,2025-11-11 16:40:22
IT Support Specialist (all genders),,Aichach,vor 31 Minuten,Vollzeit,Teilweise Home-Office,,https://www.stepstone.de/stellenangebote--IT-Support-Specialist-all-genders-Aichach-Howmet-Fastening-Systems-Aichach-GmbH--13319454-inline.html,2025-11-11 16:40:22
System Administrator (all genders),,Munich,vor 3 Stunden,Vollzeit,Vor Ort,Gehalt verfügbar,https://www.stepstone.de/stellenangebote--System-Administrator-all-genders-Munich-SKD-SE--13318445-inline.html,2025-11-11 16:40:22
1st & 2nd Level Systemadministrator (m/w/d),,Hamburg,vor 8 Stunden,Vollzeit,Teilweise Home-Office,Gehalt verfügbar,https://www.stepstone.de/stellenangebote--1st-2nd-Level-Systemadministrator-m-w-d-Hamburg-Buhck-Umweltservices-GmbH-Co-KG--13314709-inline.html,2025-11-11 16:40:30
IT-Support Werkstudent (m/w/d),,Berlin,vor 7 Stunden,Werkstudent,Vor Ort,Gehalt verfügbar,https://www.stepstone.de/stellenangebote--IT-Support-Werkstudent-m-w-d-Berlin-Lautsprecher-Teufel-GmbH--13317335-inline.html,2025-11-11 16:40:30
Ausbildung zum Fachinformatiker Systemintegration (m/w/d) ab 01.09.2026,,Dettingen,vor 9 Stunden,Vollzeit,Vor Ort,,https://www.stepstone.de/stellenangebote--Ausbildung-zum-Fachinformatiker-Systemintegration-m-w-d-ab-01-09-2026-Dettingen-Liebherr-Baumaschinen-Vertriebs-und-Service-GmbH--13188691-inline.html,2025-11-11 16:40:30
Techn. Systemspezialist:in Radiologie (m/w/d),,Office,vor 5 Stunden,Vollzeit,Teilweise Home-Office,Gehalt verfügbar,https://www.stepstone.de/stellenangebote--Techn-Systemspezialist-in-Radiologie-m-w-d-bundesweit-Home-Office-Dedalus-HealthCare-GmbH--12645962-inline.html,2025-11-11 16:40:30
IT First Level Support / Help Desk (m/w/d),,Heilbronn,vor 12 Stunden,Vollzeit,Teilweise Home-Office,Gehalt verfügbar,https://www.stepstone.de/stellenangebote--IT-First-Level-Support-Help-Desk-m-w-d-Augsburg-Bensheim-Braunschweig-Bremerhaven-Duisburg-Gummersbach-Hamm-Heilbronn-Amadeus-Fire-AG--13130059-inline.html,2025-11-11 16:40:30
Kopie von Vertriebsassistent / Sales Support Mitarbeiter (m/w/d) – Outbound / Telemarketing,,Krefeld,vor 17 Minuten,Vollzeit,Vor Ort,Gehalt verfügbar,https://www.stepstone.de/stellenangebote--Kopie-von-Vertriebsassistent-Sales-Support-Mitarbeiter-m-w-d-Outbound-Telemarketing-Krefeld-Radwell-International-Germany-GmbH--13319564-inline.html,2025-11-11 16:40:30
Applikationsspezialist:in Kardiologie (m/w/d),,Office,vor 5 Stunden,Vollzeit,Teilweise Home-Office,Gehalt verfügbar,https://www.stepstone.de/stellenangebote--Applikationsspezialist-in-Kardiologie-m-w-d-bundesweit-Home-Office-Dedalus-HealthCare-GmbH--12813281-inline.html,2025-11-11 16:40:30
Staatlich geprüfte*r Techniker*in (m/w/d),,Bonn,vor 10 Stunden,Vollzeit,Teilweise Home-Office,Gehalt verfügbar,https://www.stepstone.de/stellenangebote--Staatlich-gepruefter-Technikerin-m-w-d-Bonn-Bundesamt-fuer-Strahlenschutz--13317252-inline.html,2025-11-11 16:40:30
Werkstudent IT Services (all genders),,Echterdingen (bei Stuttgart),vor 6 Stunden,Werkstudent,Vor Ort,,https://www.stepstone.de/stellenangebote--Werkstudent-IT-Services-all-genders-Leinfelden-Echterdingen-bei-Stuttgart-msg-life-ag--13187225-inline.html,2025-11-11 16:40:31
IT-Projektmanager/in im Gesundheitswesen (w/m/d),,Halle,vor 2 Stunden,Vollzeit,Vor Ort,,https://www.stepstone.de/stellenangebote--IT-Projektmanager-in-im-Gesundheitswesen-w-m-d-Halle-Medizinisches-Versorgungszentrum-Universitaetsklinikum-Halle-gGmbH--13318370-inline.html,2025-11-11 16:40:31
Lagermitarbeiter / Mitarbeiter Logistik / Fachkraft Lagerlogistik (m/w/d),,Linn,vor 23 Minuten,Vollzeit,Vor Ort,Gehalt verfügbar,https://www.stepstone.de/stellenangebote--Lagermitarbeiter-Mitarbeiter-Logistik-Fachkraft-Lagerlogistik-m-w-d-Krefeld-Linn-Radwell-International-Germany-GmbH--13319511-inline.html,2025-11-11 16:40:31
Projekt- und Entwicklungsingenieur mit Schwerpunkt Digitalisierung (w/m/d),,Anschreiben nicht erforderlich,vor 16 Stunden,Vollzeit,Vor Ort,,https://www.stepstone.de/stellenangebote--Projekt-und-Entwicklungsingenieur-mit-Schwerpunkt-Digitalisierung-w-m-d-Kaiserslautern-Freudenberg-Performance-Materials-GmbH-Co-KG--13319111-inline.html,2025-11-11 16:40:31
IT-Administrator (m/w/x),,Hall,vor 14 Stunden,Vollzeit,Vor Ort,Gehalt verfügbar,https://www.stepstone.de/stellenangebote--IT-Administrator-m-w-x-Schwaebisch-Hall-Schmitt-Logistik-GmbH--13188292-inline.html,2025-11-11 16:40:31
Ausbilder IT (m/w/d) Systemintegration,,Hamburg,vor 6 Stunden,Vollzeit,Vor Ort,,https://www.stepstone.de/stellenangebote--Ausbilder-IT-m-w-d-Systemintegration-Hamburg-BFW-Berufsfoerderungswerk-Hamburg-gGmbH--13118419-inline.html,2025-11-11 16:40:31
Entwickler:in (all genders) - Sensorik,,Taufkirchen,vor 10 Stunden,Vollzeit,Vor Ort,Gehalt verfügbar,https://www.stepstone.de/stellenangebote--Entwickler-in-all-genders-Sensorik-Taufkirchen-munerio-consulting-GmbH--12727652-inline.html,2025-11-11 16:40:31
Mitarbeiter (m/w/d) IT Onsite Support,,Main,vor 6 Stunden,Vollzeit,Vor Ort,Gehalt verfügbar,https://www.stepstone.de/stellenangebote--Mitarbeiter-m-w-d-IT-Onsite-Support-Frankfurt-am-Main-SECURITAS-Personalmanagement-GmbH--13186814-inline.html,2025-11-11 16:40:31
Teamleitung IT-Operations (m/w/d),,Stuttgart,vor 4 Stunden,Vollzeit,Teilweise Home-Office,Gehalt verfügbar,https://www.stepstone.de/stellenangebote--Teamleitung-IT-Operations-m-w-d-Stuttgart-Privataerztliche-Verrechnungsstelle-Baden-Wuerttemberg-eG--13318390-inline.html,2025-11-11 16:40:31
Finanzbuchhalter:in / Bilanzbuchhalter:in (m/w/d) mit Erfahrung mit der Diamant Finanzbuchhaltungs-Software,,Office,vor 8 Stunden,Vollzeit,Teilweise Home-Office,Gehalt verfügbar,https://www.stepstone.de/stellenangebote--Finanzbuchhalter-in-Bilanzbuchhalter-in-m-w-d-mit-Erfahrung-mit-der-Diamant-Finanzbuchhaltungs-Software-bundesweit-Home-Office-Dedalus-HealthCare-GmbH--12928618-inline.html,2025-11-11 16:40:31
Inhouse Consultant (m/w/d) Prozesse und Applikationen,,Bodensee,vor 10 Stunden,Vollzeit,Vor Ort,Gehalt verfügbar,https://www.stepstone.de/stellenangebote--Inhouse-Consultant-m-w-d-Prozesse-und-Applikationen-Frankfurt-Main-Nuernberg-Ueberlingen-am-Bodensee-Diehl-Aerospace-GmbH--13186763-inline.html,2025-11-11 16:40:32
Fachinformatiker - Mitarbeiterin / Mitarbeiter IT-Support (w/m/d),,Berlin,vor 3 Stunden,Vollzeit,Teilweise Home-Office,,https://www.stepstone.de/stellenangebote--Fachinformatiker-Mitarbeiterin-Mitarbeiter-IT-Support-w-m-d-Berlin-DIHK-Service-GmbH--13319498-inline.html,2025-11-11 16:40:32
Fachinformatiker für Systemintegration - Legal Tech (m/w/d),,Gladbach,vor 23 Stunden,Vollzeit,Teilweise Home-Office,Gehalt verfügbar,https://www.stepstone.de/stellenangebote--Fachinformatiker-fuer-Systemintegration-Legal-Tech-m-w-d-Bergisch-Gladbach-RA-MICRO-Vertriebs-GmbH-Koeln--13314713-inline.html,2025-11-11 16:40:32
IT-Administrator and Jr. IT-Administrator (m/w/d),,Hamburg,vor 8 Stunden,Vollzeit,Teilweise Home-Office,Gehalt verfügbar,https://www.stepstone.de/stellenangebote--IT-Administrator-and-Jr-IT-Administrator-m-w-d-Hamburg-Nordic-Hamburg-Shipmanagement-GmbH-Co-KG--13317407-inline.html,2025-11-11 16:40:32
"Trainee Regionalverkaufsleiter (m/w/d) Raum Oberbayern (inkl. Chiemgau), Schwaben und Allgäu",,Rosenheim,vor 7 Stunden,Vollzeit,Vor Ort,Gehalt verfügbar,https://www.stepstone.de/stellenangebote--Trainee-Regionalverkaufsleiter-m-w-d-Raum-Oberbayern-inkl-Chiemgau-Schwaben-und-Allgaeu-Buchloe-Allgaeu-Raum-Augsburg-Muenchen-Traunstein-Kempten-Augsburg-Kaufbeuren-Rosenheim-FRISTO-SE--13317641-inline.html,2025-11-11 16:40:32
Product Security Engineer (All Genders),,Munich,vor 5 Stunden,Vollzeit,Vor Ort,Gehalt verfügbar,https://www.stepstone.de/stellenangebote--Product-Security-Engineer-All-Genders-Berlin-Munich-SKD-SE--13318406-inline.html,2025-11-11 16:40:32
Hardwareentwickler (m/w/d) - Hof,,Hof,vor 15 Stunden,Vollzeit,Vor Ort,Gehalt verfügbar,https://www.stepstone.de/stellenangebote--Hardwareentwickler-m-w-d-Hof-Hof-Marketplace-Hub--13127445-inline.html,2025-11-11 16:40:32
HR Werkstudent (all genders),,Düsseldorf,vor 9 Stunden,Werkstudent,Vor Ort,,https://www.stepstone.de/stellenangebote--HR-Werkstudent-all-genders-Duesseldorf-PRODYNA-SE--13318666-inline.html,2025-11-11 16:40:40
Ausbildung zum Fachinformatiker Fachrichtung Anwendungsentwicklung (w/m/d),,München,vor 11 Stunden,Vollzeit,Vor Ort,,https://www.stepstone.de/stellenangebote--Ausbildung-zum-Fachinformatiker-Fachrichtung-Anwendungsentwicklung-w-m-d-Muenchen-TUEV-SUED--13317581-inline.html,2025-11-11 16:40:40
Junior/Senior Full-Stack Entwickler:in - Embedded & Cloud für smarte Mobilität,,Karlsruhe,vor 16 Stunden,Vollzeit,Teilweise Home-Office,Gehalt verfügbar,https://www.stepstone.de/stellenangebote--Junior-Senior-Full-Stack-Entwickler-in-Embedded-Cloud-fuer-smarte-Mobilitaet-Karlsruhe-Marketplace-Hub--12742476-inline.html,2025-11-11 16:40:40
Hardwareentwickler (m/w/d) - Hof,,Hof,vor 15 Stunden,Vollzeit,Vor Ort,Gehalt verfügbar,https://www.stepstone.de/stellenangebote--Hardwareentwickler-m-w-d-Hof-Hof-Marketplace-Hub--13127445-inline.html,2025-11-11 16:40:40
Hardwareplanung (Anlagenbau/Steuerungstechnik),,Hessen,vor 15 Stunden,Vollzeit,Vor Ort,Gehalt verfügbar,https://www.stepstone.de/stellenangebote--Hardwareplanung-Anlagenbau-Steuerungstechnik-Egelsbach-Hessen-Marketplace-Hub--13200103-inline.html,2025-11-11 16:40:40
Embedded System Engineer (m/w/d) Software,,Tuttlingen,vor 16 Stunden,Vollzeit,Vor Ort,Gehalt verfügbar,https://www.stepstone.de/stellenangebote--Embedded-System-Engineer-m-w-d-Software-Tuttlingen-Marketplace-Hub--13126780-inline.html,2025-11-11 16:40:40
Hardware Elektroplaner Elektrotechniker (M/w/d),,Wyhlen,vor 15 Stunden,Vollzeit,Vor Ort,Gehalt verfügbar,https://www.stepstone.de/stellenangebote--Hardware-Elektroplaner-Elektrotechniker-M-w-d-Grenzach-Wyhlen-Marketplace-Hub--11204618-inline.html,2025-11-11 16:40:40
Hardware Engineering Intern (Human),,Metzingen,vor 16 Stunden,Vollzeit,Vor Ort,,https://www.stepstone.de/stellenangebote--Hardware-Engineering-Intern-Human-Metzingen-Marketplace-Hub--13127472-inline.html,2025-11-11 16:40:41
"Ausbildung: ""Fachinformatiker/in Systemintegration"" (w/m/d), Start 2026",,Ulm,vor 2 Stunden,Vollzeit,Vor Ort,,https://www.stepstone.de/stellenangebote--Ausbildung-Fachinformatiker-in-Systemintegration-w-m-d-Start-2026-Ulm-HENSOLDT--13187900-inline.html,2025-11-11 16:40:41
UAV Avionics Specialist (All Genders),,Munich,vor 5 Stunden,Vollzeit,Vor Ort,Gehalt verfügbar,https://www.stepstone.de/stellenangebote--UAV-Avionics-Specialist-All-Genders-Munich-SKD-SE--13318447-inline.html,2025-11-11 16:40:41
Dualer Student - Wirtschaftsinformatik Sales & Consulting,,Germany,vor 16 Stunden,Vollzeit,Vor Ort,,https://www.stepstone.de/stellenangebote--Dualer-Student-Wirtschaftsinformatik-Sales-Consulting-Munich-Bavaria-Germany-Adobe-Systems-Europe-Limited--13059594-inline.html,2025-11-11 16:40:41
IT-Techniker / IT Service Desk (m/w/d),,München,vor 11 Stunden,Vollzeit,Vor Ort,Gehalt verfügbar,https://www.stepstone.de/stellenangebote--IT-Techniker-IT-Service-Desk-m-w-d-Muenchen-Poing-bei-Muenchen-BestSecret-Group--13188192-inline.html,2025-11-11 16:40:41
Projektmanager/in Service Transition (m/w/d),,Bonn,vor 3 Stunden,Vollzeit,Teilweise Home-Office,Gehalt verfügbar,https://www.stepstone.de/stellenangebote--Projektmanager-in-Service-Transition-m-w-d-Bonn-Dedalus-HealthCare-GmbH--13057528-inline.html,2025-11-11 16:40:41
Sachbearbeiter:in / Sekretär:in im Bereich Informations- und Kommunikationstechnik (w/m/d),,Köln,vor 12 Stunden,Vollzeit,Teilweise Home-Office,,https://www.stepstone.de/stellenangebote--Sachbearbeiter-in-Sekretaer-in-im-Bereich-Informations-und-Kommunikationstechnik-w-m-d-Juelich-bei-Koeln-Projekttraeger-Juelich-PtJ--13187144-inline.html,2025-11-11 16:40:41
Ausbildung als Industriekaufmann (m/w/d),,Hamburg,vor 7 Stunden,Vollzeit,Vor Ort,,https://www.stepstone.de/stellenangebote--Ausbildung-als-Industriekaufmann-m-w-d-Hamburg-HOCHTIEF-Infrastructure-GmbH--13187203-inline.html,2025-11-11 16:40:41
Auszubildende zum Kfz-Mechatroniker (m/w/d) Fachrichtung System- und Hochvolttechnik Heinsberg,,Heinsberg,vor 7 Stunden,Vollzeit,Vor Ort,,https://www.stepstone.de/stellenangebote--Auszubildende-zum-Kfz-Mechatroniker-m-w-d-Fachrichtung-System-und-Hochvolttechnik-Heinsberg-Heinsberg-KOHL-automobile-GmbH--12999685-inline.html,2025-11-11 16:40:41
Auszubildende zum Kfz-Mechatroniker (m/w/d) Fachrichtung System- und Hochvolttechnik Bergheim,,Köln,vor 7 Stunden,Vollzeit,Vor Ort,,https://www.stepstone.de/stellenangebote--Auszubildende-zum-Kfz-Mechatroniker-m-w-d-Fachrichtung-System-und-Hochvolttechnik-Bergheim-Bergheim-bei-Koeln-KOHL-automobile-GmbH--12999580-inline.html,2025-11-11 16:40:41
Auszubildende zum Kfz-Mechatroniker (m/w/d) Fachrichtung System- und Hochvolttechnik Laurensberg,,Laurensberg,vor 7 Stunden,Vollzeit,Vor Ort,,https://www.stepstone.de/stellenangebote--Auszubildende-zum-Kfz-Mechatroniker-m-w-d-Fachrichtung-System-und-Hochvolttechnik-Laurensberg-Aachen-Laurensberg-KOHL-automobile-GmbH--12999561-inline.html,2025-11-11 16:40:41
Auszubildende zum Kfz-Mechatroniker (m/w/d) Fachrichtung System- und Hochvolttechnik Aachen,,Aachen,vor 7 Stunden,Vollzeit,Vor Ort,,https://www.stepstone.de/stellenangebote--Auszubildende-zum-Kfz-Mechatroniker-m-w-d-Fachrichtung-System-und-Hochvolttechnik-Aachen-Aachen-KOHL-automobile-GmbH--12999524-inline.html,2025-11-11 16:40:42
Elektroniker:in (w/m/d),,Köln,vor 7 Stunden,Vollzeit,Vor Ort,,https://www.stepstone.de/stellenangebote--Elektroniker-in-w-m-d-Juelich-bei-Koeln-Forschungszentrum-Juelich-GmbH--13187475-inline.html,2025-11-11 16:40:42
Fachinformatiker/in (m/w/d),,Rhein,vor 2 Stunden,Vollzeit,Vor Ort,Gehalt verfügbar,https://www.stepstone.de/stellenangebote--Fachinformatiker-in-m-w-d-Monheim-am-Rhein-Monheimer-Kulturwerke-GmbH--13050088-inline.html,2025-11-11 16:40:42
Auszubildende zum Kfz-Mechatroniker (m/w/d) Fachrichtung System- und Hochvolttechnik Opel KOHL,,Aachen,vor 7 Stunden,Vollzeit,Vor Ort,,https://www.stepstone.de/stellenangebote--Auszubildende-zum-Kfz-Mechatroniker-m-w-d-Fachrichtung-System-und-Hochvolttechnik-Opel-KOHL-Aachen-KOHL-automobile-GmbH--12999547-inline.html,2025-11-11 16:40:42
Projektingenieur für Stationsleittechnik (w/m/d),,Dresden,vor 16 Stunden,Vollzeit,Vor Ort,,https://www.stepstone.de/stellenangebote--Projektingenieur-fuer-Stationsleittechnik-w-m-d-Dresden-Schneider-Electric-GmbH--12937712-inline.html,2025-11-11 16:40:42
"Duales Studium: ""Elektro- und Informationstechnik - Nachrichtentechnik"" (w/m/d), Taufkirchen, 2026",,Taufkirchen,vor 4 Stunden,Duales Studium,Vor Ort,,https://www.stepstone.de/stellenangebote--Duales-Studium-Elektro-und-Informationstechnik-Nachrichtentechnik-w-m-d-Taufkirchen-2026-Taufkirchen-HENSOLDT--13187301-inline.html,2025-11-11 16:40:42
Werkstudent*in Tuner Software Development,,Sindelfingen,vor 6 Stunden,Werkstudent,Teilweise Home-Office,,https://www.stepstone.de/stellenangebote--Werkstudentin-Tuner-Software-Development-Sindelfingen-Mercedes-Benz-AG--13188655-inline.html,2025-11-11 16:40:42
Projektleiter (m/w/d) im Holzbau,,Burg (bei Magdeburg),vor 6 Stunden,Vollzeit,Teilweise Home-Office,Gehalt verfügbar,https://www.stepstone.de/stellenangebote--Projektleiter-m-w-d-im-Holzbau-Burg-bei-Magdeburg-NOKERA-Wood-Production-GmbH--13187387-inline.html,2025-11-11 16:40:51
Ausbildung als Industriekaufmann (m/w/d),,Düsseldorf,vor 5 Stunden,Vollzeit,Teilweise Home-Office,,https://www.stepstone.de/stellenangebote--Ausbildung-als-Industriekaufmann-m-w-d-Duesseldorf-HOCHTIEF-Infrastructure-GmbH--13187941-inline.html,2025-11-11 16:40:51
(Junior) Consultant Audit - Wirtschaftsprüfung / Rechnungswesen / Qualitätsmanagement (m/w/d),,Viechtach,vor 10 Stunden,Vollzeit,Teilweise Home-Office,Gehalt verfügbar,https://www.stepstone.de/stellenangebote--Junior-Consultant-Audit-Wirtschaftspruefung-Rechnungswesen-Qualitaetsmanagement-m-w-d-Viechtach-BFMT-Gruppe--11649275-inline.html,2025-11-11 16:40:51
"technische Sachbearbeiterin, technischer Sachbearbeiter (w/m/d) im Bereich Informationstechnik-Schwerpunkt Netzwerktechnik bis Entgeltgruppe 9b TV-H",,Main,vor 8 Stunden,Vollzeit,Vor Ort,Gehalt verfügbar,https://www.stepstone.de/stellenangebote--technische-Sachbearbeiterin-technischer-Sachbearbeiter-w-m-d-im-Bereich-Informationstechnik-Schwerpunkt-Netzwerktechnik-bis-Entgeltgruppe-9b-TV-H-Frankfurt-am-Main-Polizeipraesidium-Frankfurt-am-Main--13188606-inline.html,2025-11-11 16:40:51
Systemtechnikerin für MSR/ Gebäudemanagement/ BMS (w/m/d),,Main,vor 16 Stunden,Vollzeit,Vor Ort,,https://www.stepstone.de/stellenangebote--Systemtechnikerin-fuer-MSR-Gebaeudemanagement-BMS-w-m-d-Seligenstadt-Frankfurt-am-Main-Schneider-Electric-GmbH--12937711-inline.html,2025-11-11 16:40:51
Duales Studium: Bachelor of Arts (m/w/d) in Business Administration,,Düsseldorf,vor 3 Stunden,Duales Studium,Teilweise Home-Office,,https://www.stepstone.de/stellenangebote--Duales-Studium-Bachelor-of-Arts-m-w-d-in-Business-Administration-Duesseldorf-HOCHTIEF-Infrastructure-GmbH--13187942-inline.html,2025-11-11 16:40:51
Technischer Spezialist - Rollout / Support / Service (m/w/d),,Heidelberg,vor 15 Stunden,Vollzeit,Teilweise Home-Office,Gehalt verfügbar,https://www.stepstone.de/stellenangebote--Technischer-Spezialist-Rollout-Support-Service-m-w-d-Heidelberg-AMERIA-AG--13127686-inline.html,2025-11-11 16:40:51
Systemadministrator / Fachinformatiker für Systemintegration (m/w/d),,Essen,vor 10 Stunden,Vollzeit,Vor Ort,Gehalt verfügbar,https://www.stepstone.de/stellenangebote--Systemadministrator-Fachinformatiker-fuer-Systemintegration-m-w-d-Essen-VMT-Duessel-Video-Medien-Technik-GmbH--13051090-inline.html,2025-11-11 16:40:51
Junior Managers Program - Research & Development eMobility - Trainee Program (m/f/div.),,Gerlingen,vor 8 Stunden,Vollzeit,Teilweise Home-Office,Gehalt verfügbar,https://www.stepstone.de/stellenangebote--Junior-Managers-Program-Research-Development-eMobility-Trainee-Program-m-f-div-Gerlingen-Bosch-Gruppe--13188395-inline.html,2025-11-11 16:40:51
Mitarbeiterin / Mitarbeiter Stabsstelle IT-Betreuung Forschung & Lehre (w/m/d),,Köln,vor 5 Stunden,Vollzeit,Teilweise Home-Office,Gehalt verfügbar,https://www.stepstone.de/stellenangebote--Mitarbeiterin-Mitarbeiter-Stabsstelle-IT-Betreuung-Forschung-Lehre-w-m-d-Koeln-Universitaetsklinikum-Koeln-AoeR--13317758-inline.html,2025-11-11 16:40:51
Entwicklungsingenieur / NPI Engineer (m/w/d),,Köln,vor 6 Stunden,Vollzeit,Vor Ort,Gehalt verfügbar,https://www.stepstone.de/stellenangebote--Entwicklungsingenieur-NPI-Engineer-m-w-d-Bergisch-Gladbach-bei-Koeln-Camtek-FRT-Metrology--10420607-inline.html,2025-11-11 16:40:52
Key Account Manager:in (m/w/d) - SaaS Sales,,Berlin,vor 7 Stunden,Vollzeit,Teilweise Home-Office,Gehalt verfügbar,https://www.stepstone.de/stellenangebote--Key-Account-Manager-in-m-w-d-SaaS-Sales-Berlin-softgarden-e-recruiting-gmbh--13186884-inline.html,2025-11-11 16:40:52
Controller (m/w/d) Teilzeit 20 Stunden,,Herrenberg,vor 5 Stunden,Teilzeit,Teilweise Home-Office,Gehalt verfügbar,https://www.stepstone.de/stellenangebote--Controller-m-w-d-Teilzeit-20-Stunden-Herrenberg-Areus-GmbH--13318006-inline.html,2025-11-11 16:40:52
Senior Account Manager:in (m/w/d) - SaaS Sales,,Berlin,vor 16 Stunden,Vollzeit,Teilweise Home-Office,Gehalt verfügbar,https://www.stepstone.de/stellenangebote--Senior-Account-Manager-in-m-w-d-SaaS-Sales-Berlin-softgarden-e-recruiting-gmbh--13186865-inline.html,2025-11-11 16:40:52
AI Knowledgebase Assistant (m/w/d),,Berlin,vor 7 Stunden,Vollzeit,Teilweise Home-Office,Gehalt verfügbar,https://www.stepstone.de/stellenangebote--AI-Knowledgebase-Assistant-m-w-d-Berlin-softgarden-e-recruiting-gmbh--13186858-inline.html,2025-11-11 16:40:52
Personalsachbearbeiter (m/w/d),,Herrenberg,vor 7 Stunden,Vollzeit,Teilweise Home-Office,Gehalt verfügbar,https://www.stepstone.de/stellenangebote--Personalsachbearbeiter-m-w-d-Herrenberg-Areus-GmbH--13317989-inline.html,2025-11-11 16:40:52
Market Manager – Networks & Communications (m/f/d),,Westford,vor 5 Stunden,Vollzeit,Teilweise Home-Office,,https://www.stepstone.de/stellenangebote--Market-Manager-Networks-Communications-m-f-d-Westford-Swissbit-Germany-AG--13188523-inline.html,2025-11-11 16:40:52
Remote UAV Test Pilot,,Munich,vor 12 Stunden,Vollzeit,Teilweise Home-Office,Gehalt verfügbar,https://www.stepstone.de/stellenangebote--Remote-UAV-Test-Pilot-Munich-SKD-SE--13318418-inline.html,2025-11-11 16:40:52
Projekttechniker (m/w/d),,Oberlaindern,vor 48 Minuten,Vollzeit,Vor Ort,Gehalt verfügbar,https://www.stepstone.de/stellenangebote--Projekttechniker-m-w-d-Valley-Oberlaindern-AVERY-ZWECKFORM-GmbH--13319429-inline.html,2025-11-11 16:40:52
Elektroniker / Mechatroniker als Servicetechniker (m/w/d) im Bereich Bankwesen,,Viernheim,vor 11 Stunden,Vollzeit,Vor Ort,Gehalt verfügbar,https://www.stepstone.de/stellenangebote--Elektroniker-Mechatroniker-als-Servicetechniker-m-w-d-im-Bereich-Bankwesen-Mannheim-Weinheim-Viernheim-synfis-Service-GmbH--13317404-inline.html,2025-11-11 16:40:52
Flight Test Engineer (m/f/d),,Munich,vor 13 Stunden,Vollzeit,Teilweise Home-Office,Gehalt verfügbar,https://www.stepstone.de/stellenangebote--Flight-Test-Engineer-m-f-d-Munich-SKD-SE--13318392-inline.html,2025-11-11 16:40:52
Bauleiter (m/w/d) Holzbau,,Office,vor 8 Stunden,Vollzeit,Teilweise Home-Office,Gehalt verfügbar,https://www.stepstone.de/stellenangebote--Bauleiter-m-w-d-Holzbau-Burg-bei-Magdeburg-bundesweit-NOKERA-Wood-Production-GmbH--13186878-inline.html,2025-11-11 16:40:53
Fachinformatiker (m/w/d) mit Schwerpunkt Linux,,Verl,vor 9 Stunden,Vollzeit,Teilweise Home-Office,Gehalt verfügbar,https://www.stepstone.de/stellenangebote--Fachinformatiker-m-w-d-mit-Schwerpunkt-Linux-Verl-Beckhoff-Automation-GmbH-Co-KG--13319074-inline.html,2025-11-11 16:40:53
Softwaretester - Automation / Testing / Analyse / Selenium / Microsoft (m/w/d),,Wetzlar,vor 5 Stunden,Vollzeit,Teilweise Home-Office,Gehalt verfügbar,https://www.stepstone.de/stellenangebote--Softwaretester-Automation-Testing-Analyse-Selenium-Microsoft-m-w-d-Wetzlar-mbi-GmbH--12048815-inline.html,2025-11-11 16:40:53
Java Developer for Digital Scientific Infrastructures (m/f/d),,Hannover,vor 3 Stunden,Vollzeit,Teilweise Home-Office,,https://www.stepstone.de/stellenangebote--Java-Developer-for-Digital-Scientific-Infrastructures-m-f-d-Hannover-Technische-Informationsbibliothek-TIB--13313582-inline.html,2025-11-11 16:40:53
Java Developer for Digital Scientific Infrastructures (m/f/d),,Hannover,vor 3 Stunden,Vollzeit,Teilweise Home-Office,,https://www.stepstone.de/stellenangebote--Java-Developer-for-Digital-Scientific-Infrastructures-m-f-d-Hannover-Technische-Informationsbibliothek-TIB--13313582-inline.html,2025-11-11 16:41:01
Safety Engineer - Loitering Systems (all genders),,Munich,vor 15 Stunden,Vollzeit,Vor Ort,Gehalt verfügbar,https://www.stepstone.de/stellenangebote--Safety-Engineer-Loitering-Systems-all-genders-Munich-SKD-SE--13318419-inline.html,2025-11-11 16:41:01
Business Analyst Security Solutions (m/w/d) | DSISES,,Münster,vor 15 Stunden,Vollzeit,Teilweise Home-Office,Gehalt verfügbar,https://www.stepstone.de/stellenangebote--Business-Analyst-Security-Solutions-m-w-d-DSISES-Muenster-Atruvia-AG--13186636-inline.html,2025-11-11 16:41:01
Team Lead (gn) Product Management,,Hamburg,vor 12 Stunden,Vollzeit,Teilweise Home-Office,,https://www.stepstone.de/stellenangebote--Team-Lead-gn-Product-Management-Hamburg-LichtBlick-SE--13319029-inline.html,2025-11-11 16:41:01
Konfigurationsmanager (m/w/d),,Köln,vor 8 Stunden,Vollzeit,Teilweise Home-Office,Gehalt verfügbar,https://www.stepstone.de/stellenangebote--Konfigurationsmanager-m-w-d-Lohmar-bei-Koeln-Rheinmetall-Protection-Systems-GmbH--13317927-inline.html,2025-11-11 16:41:01
Sales Manager m/w/d für Smart Home Produkte,,Darmstadt,vor 6 Stunden,Vollzeit,Vor Ort,Gehalt verfügbar,https://www.stepstone.de/stellenangebote--Sales-Manager-m-w-d-fuer-Smart-Home-Produkte-Darmstadt-PEAKnx-GmbH--13318467-inline.html,2025-11-11 16:41:01
IT Service Techniker - Netzwerk / Linux / Icinga (m/w/d),,München,vor 10 Stunden,Vollzeit,Teilweise Home-Office,Gehalt verfügbar,https://www.stepstone.de/stellenangebote--IT-Service-Techniker-Netzwerk-Linux-Icinga-m-w-d-Muenchen-IONOS-SE--12558976-inline.html,2025-11-11 16:41:01
Scrum Master - Bereich Ausfall- und Verlustverwaltung (m/w/d) in Teilzeit | STBCOR,,Münster,vor 5 Stunden,Teilzeit,Teilweise Home-Office,Gehalt verfügbar,https://www.stepstone.de/stellenangebote--Scrum-Master-Bereich-Ausfall-und-Verlustverwaltung-m-w-d-in-Teilzeit-STBCOR-Aschheim-Karlsruhe-Muenster-Atruvia-AG--13188341-inline.html,2025-11-11 16:41:01
"Instandhalter (gn) ab 22,00 € brutto",,Anschreiben nicht erforderlich,vor 16 Stunden,Vollzeit,Vor Ort,,https://www.stepstone.de/stellenangebote--Instandhalter-gn-ab-22-00-EUR-brutto-Schwarzenbek-Gi-Group-Deutschland-GmbH--13127695-inline.html,2025-11-11 16:41:02
Servicetechniker (m/w/d) für Telekommunikations- und Netzwerktechnik – Region Baden-Württemberg,,Württemberg,vor 9 Stunden,Vollzeit,Vor Ort,Gehalt verfügbar,https://www.stepstone.de/stellenangebote--Servicetechniker-m-w-d-fuer-Telekommunikations-und-Netzwerktechnik-Region-Baden-Wuerttemberg-Baden-Wuerttemberg-Funktel-GmbH--13317649-inline.html,2025-11-11 16:41:02
Internships & Working Students,,Amsterdam,vor 9 Stunden,Werkstudent,Vor Ort,,https://www.stepstone.de/stellenangebote--Internships-Working-Students-Munich-Berlin-Amsterdam-SKD-SE--13318397-inline.html,2025-11-11 16:41:02
Netzbetriebssteuerer:in für die Sparte Stromnetz (m/w/d),,Viersen,vor 6 Stunden,Vollzeit,Teilweise Home-Office,,https://www.stepstone.de/stellenangebote--Netzbetriebssteuerer-in-fuer-die-Sparte-Stromnetz-m-w-d-Geilenkirchen-Viersen-NEW-Netz-GmbH--13318461-inline.html,2025-11-11 16:41:02
Fachkraft Netzbetriebssteuerung für die Sparte Stromnetz (m/w/d),,Mönchengladbach,vor 6 Stunden,Vollzeit,Teilweise Home-Office,Gehalt verfügbar,https://www.stepstone.de/stellenangebote--Fachkraft-Netzbetriebssteuerung-fuer-die-Sparte-Stromnetz-m-w-d-Moenchengladbach-NEW-Netz-GmbH--13318459-inline.html,2025-11-11 16:41:02
SAP Berater & Entwickler - S/D & BTP (m/w/d) | COSSAP,,Münster,vor 13 Stunden,Vollzeit,Teilweise Home-Office,Gehalt verfügbar,https://www.stepstone.de/stellenangebote--SAP-Berater-Entwickler-S-D-BTP-m-w-d-COSSAP-Karlsruhe-Muenster-Atruvia-AG--13186796-inline.html,2025-11-11 16:41:02
Plattform Engineer Private Cloud (m/w/d) | HCPHCS,,Aschheim,vor 13 Stunden,Vollzeit,Teilweise Home-Office,Gehalt verfügbar,https://www.stepstone.de/stellenangebote--Plattform-Engineer-Private-Cloud-m-w-d-HCPHCS-Muenster-Karlsruhe-Aschheim-Atruvia-AG--13186296-inline.html,2025-11-11 16:41:02
FinOps Spezialist (m/w/d) | SDGDVF,,Main,vor 15 Stunden,Vollzeit,Teilweise Home-Office,Gehalt verfügbar,https://www.stepstone.de/stellenangebote--FinOps-Spezialist-m-w-d-SDGDVF-Karlsruhe-Muenster-Aschheim-Frankfurt-am-Main-Atruvia-AG--13186432-inline.html,2025-11-11 16:41:02
VAT Manager (M/F/D),,München,vor 6 Stunden,Vollzeit,Teilweise Home-Office,Gehalt verfügbar,https://www.stepstone.de/stellenangebote--VAT-Manager-M-F-D-Berlin-Meiningen-Muenchen-Adtran-Networks-SE--13136961-inline.html,2025-11-11 16:41:02
Supply Chain Manager - Einkauf / ERP / Lieferanten (m/w/d),,München,vor 16 Stunden,Vollzeit,Vor Ort,Gehalt verfügbar,https://www.stepstone.de/stellenangebote--Supply-Chain-Manager-Einkauf-ERP-Lieferanten-m-w-d-Muenchen-Peter-Park-System-GmbH--13059792-inline.html,2025-11-11 16:41:02
IT Systemadministrator - Second Level / Support / Server / Netzwerk (m/w/d),,Essen,vor 14 Stunden,Vollzeit,Teilweise Home-Office,Gehalt verfügbar,https://www.stepstone.de/stellenangebote--IT-Systemadministrator-Second-Level-Support-Server-Netzwerk-m-w-d-Essen-IT-Problemloeser-Verwaltungs-und-Handels-GmbH--11648979-inline.html,2025-11-11 16:41:02
Administrator Inbetriebnahme und Rollout (m/w/d),,Nürnberg,vor 15 Stunden,Vollzeit,Teilweise Home-Office,Gehalt verfügbar,https://www.stepstone.de/stellenangebote--Administrator-Inbetriebnahme-und-Rollout-m-w-d-Frankfurt-am-Main-Berlin-Dresden-Hamburg-Leinfelden-Echterdingen-Muenchen-Nuernberg-operational-services-GmbH-Co-KG--13317931-inline.html,2025-11-11 16:41:03
Projektmanager IT (m/w/d),,Neckar,vor 7 Stunden,Vollzeit,Teilweise Home-Office,Gehalt verfügbar,https://www.stepstone.de/stellenangebote--Projektmanager-IT-m-w-d-Freiberg-am-Neckar-abasoft-EDV-Programme-GmbH--13317603-inline.html,2025-11-11 16:41:03
Anforderungsmanager:in (Requirements Engineering) (m/w/d) - digitale Kundenlösungen,,Mönchengladbach,vor 6 Stunden,Vollzeit,Teilweise Home-Office,Gehalt verfügbar,https://www.stepstone.de/stellenangebote--Anforderungsmanager-in-Requirements-Engineering-m-w-d-digitale-Kundenloesungen-Moenchengladbach-NEW-Netz-GmbH--13318462-inline.html,2025-11-11 16:41:03
Assistenz Technisches Facility Management (m/w/d),,Berlin,vor 12 Stunden,Vollzeit,Vor Ort,Gehalt verfügbar,https://www.stepstone.de/stellenangebote--Assistenz-Technisches-Facility-Management-m-w-d-Berlin-ENGIE-Deutschland-GmbH--13317917-inline.html,2025-11-11 16:41:03
Entwicklungsingenieur (m/w/d) Elektrische Systeme,,Feldkirchen (Landkreis München),vor 16 Stunden,Vollzeit,Vor Ort,Gehalt verfügbar,https://www.stepstone.de/stellenangebote--Entwicklungsingenieur-m-w-d-Elektrische-Systeme-Feldkirchen-Landkreis-Muenchen-CROWN-Gabelstapler-GmbH-Co-KG--13186853-inline.html,2025-11-11 16:41:03
Praktikant (m/w/d) Marketing Content,,Stuttgart,vor 8 Stunden,Vollzeit,Teilweise Home-Office,,https://www.stepstone.de/stellenangebote--Praktikant-m-w-d-Marketing-Content-Stuttgart-Thieme-Gruppe--12963474-inline.html,2025-11-11 16:41:03
Vertriebsdirektor/Verkaufsleiter mit echtem Verkäufer-Gen – für B2B Industrie-Verbundfolien (m/w/d),,Köln,vor 22 Stunden,Vollzeit,Teilweise Home-Office,Gehalt verfügbar,https://www.stepstone.de/stellenangebote--Vertriebsdirektor-Verkaufsleiter-mit-echtem-Verkaeufer-Gen-fuer-B2B-Industrie-Verbundfolien-m-w-d-Koeln-AlFiPa-GmbH-Co-KG--13316139-inline.html,2025-11-11 16:41:11
Projektleiter MSR (m/w/d),,Freiburg,vor 1 Stunde,Vollzeit,Vor Ort,Gehalt verfügbar,https://www.stepstone.de/stellenangebote--Projektleiter-MSR-m-w-d-Karlsruhe-Freiburg-ENGIE-Deutschland-GmbH--13188363-inline.html,2025-11-11 16:41:11
Recruiting Specialist / HR Business Partner (w/m/d),,Tübingen,vor 5 Stunden,Vollzeit,Teilweise Home-Office,Gehalt verfügbar,https://www.stepstone.de/stellenangebote--Recruiting-Specialist-HR-Business-Partner-w-m-d-Tuebingen-itdesign-GmbH--13317595-inline.html,2025-11-11 16:41:11
HR Business Partner / People & Culture Expert (m/w/d),,Tübingen,vor 6 Stunden,Vollzeit,Teilweise Home-Office,Gehalt verfügbar,https://www.stepstone.de/stellenangebote--HR-Business-Partner-People-Culture-Expert-m-w-d-Tuebingen-itdesign-GmbH--11172060-inline.html,2025-11-11 16:41:11
IT-Systemingenieur - Microsoft / VMware / Citrix (m/w/d),,Grevesmühlen,vor 16 Stunden,Vollzeit,Vor Ort,Gehalt verfügbar,https://www.stepstone.de/stellenangebote--IT-Systemingenieur-Microsoft-VMware-Citrix-m-w-d-Neubrandenburg-Wismar-Grevesmuehlen-PBIT-Systeme-GmbH-Co-KG--12676825-inline.html,2025-11-11 16:41:11
IT – Changemanager/in / Releasemanager/in,,Berlin,vor 7 Stunden,Vollzeit,Teilweise Home-Office,Gehalt verfügbar,https://www.stepstone.de/stellenangebote--IT-Changemanager-in-Releasemanager-in-Berlin-Kammergericht--13181575-inline.html,2025-11-11 16:41:12
Internship in Computer Vision for Interactive Systems (f/m/x),,Oberkochen (Baden-Württemberg),vor 8 Stunden,Vollzeit,Vor Ort,,https://www.stepstone.de/stellenangebote--Internship-in-Computer-Vision-for-Interactive-Systems-f-m-x-Oberkochen-Baden-Wuerttemberg-ZEISS--13317352-inline.html,2025-11-11 16:41:12
System Engineer (m/w/d) Linux,,Oldenburg,vor 9 Stunden,Vollzeit,Teilweise Home-Office,Gehalt verfügbar,https://www.stepstone.de/stellenangebote--System-Engineer-m-w-d-Linux-Oldenburg-Kommunale-Datenverarbeitung-Oldenburg-KDO--13317637-inline.html,2025-11-11 16:41:12
Sales Manager (m/w/d) im Außendienst Gebiet: München / Wasserburg am Inn / Rosenheim,,Rosenheim,vor 2 Stunden,Vollzeit,Vor Ort,Gehalt verfügbar,https://www.stepstone.de/stellenangebote--Sales-Manager-m-w-d-im-Aussendienst-Gebiet-Muenchen-Wasserburg-am-Inn-Rosenheim-Muenchen-Wasserburg-am-Inn-Rosenheim-coffee-perfect-GmbH--13318504-inline.html,2025-11-11 16:41:12
IT-Systemadministrator (m/w/d),,Waldkirch,vor 2 Stunden,Vollzeit,Vor Ort,Gehalt verfügbar,https://www.stepstone.de/stellenangebote--IT-Systemadministrator-m-w-d-Waldkirch-Stadtwerke-Waldkirch-GmbH--13188107-inline.html,2025-11-11 16:41:12
IT Lagerlogistiker (w/m/d),,Hamburg,vor 6 Stunden,Vollzeit,Vor Ort,Gehalt verfügbar,https://www.stepstone.de/stellenangebote--IT-Lagerlogistiker-w-m-d-Hamburg-Bechtle-GmbH-Hamburg--13186904-inline.html,2025-11-11 16:41:12
Grafikdesigner (m/w/d),,Osnabrück,vor 7 Stunden,Vollzeit,Teilweise Home-Office,Gehalt verfügbar,https://www.stepstone.de/stellenangebote--Grafikdesigner-m-w-d-Osnabrueck-coffee-perfect-GmbH--13317182-inline.html,2025-11-11 16:41:12
Softwareentwickler - Workflow-Lösungen / Green IT / Camunda (m/w/d),,Stuttgart,vor 7 Stunden,Vollzeit,Teilweise Home-Office,Gehalt verfügbar,https://www.stepstone.de/stellenangebote--Softwareentwickler-Workflow-Loesungen-Green-IT-Camunda-m-w-d-Stuttgart-envite-consulting-GmbH--12048819-inline.html,2025-11-11 16:41:12
"Office Manager (m/w/d) Oetker Group - Standort Berlin [Teilzeit, befristet]",,Bielefeld,vor 8 Stunden,Teilzeit,Teilweise Home-Office,,https://www.stepstone.de/stellenangebote--Office-Manager-m-w-d-Oetker-Group-Standort-Berlin-Teilzeit-befristet-Bielefeld-Dr-August-Oetker-KG-Holding-der-Oetker-Gruppe--13318807-inline.html,2025-11-11 16:41:12
Ausbildung Elektroniker für Geräte und Systeme (w/m/d) – Start 2026,,Hamburg,vor 10 Stunden,Vollzeit,Vor Ort,,https://www.stepstone.de/stellenangebote--Ausbildung-Elektroniker-fuer-Geraete-und-Systeme-w-m-d-Start-2026-Hamburg-Hamburger-Hochbahn-AG--13318858-inline.html,2025-11-11 16:41:12
Grafikdesigner - E-Commerce / Adobe Illustrator (m/w/d),,Frankenthal,vor 11 Stunden,Vollzeit,Vor Ort,Gehalt verfügbar,https://www.stepstone.de/stellenangebote--Grafikdesigner-E-Commerce-Adobe-Illustrator-m-w-d-Frankenthal-Akowi-GmbH--12191911-inline.html,2025-11-11 16:41:12
SPS-Programmierer (m/w/d) - Modernisierung in der Automatisierungstechnik,,Müllheim,vor 4 Stunden,Vollzeit,Teilweise Home-Office,Gehalt verfügbar,https://www.stepstone.de/stellenangebote--SPS-Programmierer-m-w-d-Modernisierung-in-der-Automatisierungstechnik-Loerrach-Freiburg-im-Breisgau-Muellheim-HAPEKO-Deutschland-GmbH--13188338-inline.html,2025-11-11 16:41:13
Praktikant (m/w/d) Digital Healthcare Innovation - Business Development,,Arbeiten,vor 8 Stunden,Vollzeit,Teilweise Home-Office,,https://www.stepstone.de/stellenangebote--Praktikant-m-w-d-Digital-Healthcare-Innovation-Business-Development-Erlangen-Mobiles-Arbeiten-Thieme-Gruppe--13086472-inline.html,2025-11-11 16:41:13
PostgreSQL Administrator (m/w/div),,Berlin,vor 15 Stunden,Vollzeit,Teilweise Home-Office,Gehalt verfügbar,https://www.stepstone.de/stellenangebote--PostgreSQL-Administrator-m-w-div-Berlin-Deutsche-Rentenversicherung-Bund--13186705-inline.html,2025-11-11 16:41:13
SAP Basis Spezialist / Basisadministrator (m/w/d),,Wald,vor 10 Stunden,Vollzeit,Teilweise Home-Office,,https://www.stepstone.de/stellenangebote--SAP-Basis-Spezialist-Basisadministrator-m-w-d-Dissen-am-Teutoburger-Wald-Fuchs-Gruppe--13319212-inline.html,2025-11-11 16:41:13
Assistant Accountant w/m/d,,Düsseldorf,vor 11 Stunden,Vollzeit,Teilweise Home-Office,Gehalt verfügbar,https://www.stepstone.de/stellenangebote--Assistant-Accountant-w-m-d-Duesseldorf-Computacenter-AG-Co-oHG--13186851-inline.html,2025-11-11 16:41:13
Assistenz der Geschäftsführung (w/m/d) – Projektmanagement,,Potsdam,vor 3 Stunden,Vollzeit,Vor Ort,Gehalt verfügbar,https://www.stepstone.de/stellenangebote--Assistenz-der-Geschaeftsfuehrung-w-m-d-Projektmanagement-Potsdam-WARDOW-GmbH--12800666-inline.html,2025-11-11 16:41:13
Einkäufer:in (m/w/d),,Berlin,vor 7 Stunden,Vollzeit,Vor Ort,Gehalt verfügbar,https://www.stepstone.de/stellenangebote--Einkaeufer-in-m-w-d-Berlin-ENGIE-Deutschland-AG--13317560-inline.html,2025-11-11 16:41:13
Senior Security Consultant Infrastructure & Network Security (w/m/x),,Rosenheim,vor 10 Stunden,Vollzeit,Teilweise Home-Office,Gehalt verfügbar,https://www.stepstone.de/stellenangebote--Senior-Security-Consultant-Infrastructure-Network-Security-w-m-x-Frankfurt-a-M-Berlin-Erfurt-Ettlingen-Graz-Hamburg-Innsbruck-Koeln-Muenchen-Rosenheim-NTT-DATA-Deutschland-SE--13187192-inline.html,2025-11-11 16:41:13
Softwareentwickler ABAP OO (mwd),,Dortmund,vor 8 Stunden,Vollzeit,Teilweise Home-Office,Gehalt verfügbar,https://www.stepstone.de/stellenangebote--Softwareentwickler-ABAP-OO-mwd-Muenchen-Dortmund-Vesterling-AG--13318604-inline.html,2025-11-11 16:41:13
(Senior) Consultant SAP EWM (mwd),,Dortmund,vor 5 Stunden,Vollzeit,Teilweise Home-Office,Gehalt verfügbar,https://www.stepstone.de/stellenangebote--Senior-Consultant-SAP-EWM-mwd-Muenchen-Dortmund-Vesterling-AG--13318605-inline.html,2025-11-11 16:41:22
Consultant SAP MM (mwd),,Dortmund,vor 7 Stunden,Vollzeit,Teilweise Home-Office,Gehalt verfügbar,https://www.stepstone.de/stellenangebote--Consultant-SAP-MM-mwd-Muenchen-Dortmund-Vesterling-AG--13318601-inline.html,2025-11-11 16:41:22
Senior ABAP Entwickler (mwd),,Dortmund,vor 9 Stunden,Vollzeit,Teilweise Home-Office,Gehalt verfügbar,https://www.stepstone.de/stellenangebote--Senior-ABAP-Entwickler-mwd-Muenchen-Dortmund-Vesterling-AG--13318602-inline.html,2025-11-11 16:41:22
Bauingenieur als Oberbauleiter Bahninfrastruktur (m/w/d),,Erlensee,vor 7 Stunden,Vollzeit,Vor Ort,Gehalt verfügbar,https://www.stepstone.de/stellenangebote--Bauingenieur-als-Oberbauleiter-Bahninfrastruktur-m-w-d-Erlensee-SPITZKE-SE--13187876-inline.html,2025-11-11 16:41:22
Datenschutzkoordinator*in (m/w/div),,Würzburg,vor 11 Stunden,Vollzeit,Vor Ort,Gehalt verfügbar,https://www.stepstone.de/stellenangebote--Datenschutzkoordinatorin-m-w-div-Berlin-Wuerzburg-Deutsche-Rentenversicherung-Bund--13317103-inline.html,2025-11-11 16:41:22
Werkstudent (m/w/d) IT Administration & Support,,München,vor 7 Stunden,Werkstudent,Teilweise Home-Office,,https://www.stepstone.de/stellenangebote--Werkstudent-m-w-d-IT-Administration-Support-Muenchen-marktguru-Deutschland-GmbH--13188160-inline.html,2025-11-11 16:41:22
Softwareentwickler - Full Stack / Kubernetes / C# / Angular (m/w/d),,Hüttenberg,vor 9 Stunden,Vollzeit,Teilweise Home-Office,Gehalt verfügbar,https://www.stepstone.de/stellenangebote--Softwareentwickler-Full-Stack-Kubernetes-C-Angular-m-w-d-Wetzlar-Huettenberg-mbi-GmbH--11650652-inline.html,2025-11-11 16:41:22
Content & Brand Strategist (m/f/d),,Office,vor 2 Stunden,Vollzeit,Teilweise Home-Office,Gehalt verfügbar,https://www.stepstone.de/stellenangebote--Content-Brand-Strategist-m-f-d-Daenemark-bundesweit-Home-Office-Paychex-Europe-Germany-GmbH--13188238-inline.html,2025-11-11 16:41:22
Montageleiter (m/w/d),,,vor 6 Stunden,Vollzeit,Vor Ort,,https://www.stepstone.de/stellenangebote--Montageleiter-m-w-d-DEU-DRESDEN-ENGIE-Deutschland-GmbH--13318812-inline.html,2025-11-11 16:41:22
Elektronik - Entwicklungsingenieur (m/w/d) - Ludwigsburg,,Ludwigsburg,vor 16 Stunden,Vollzeit,Vor Ort,Gehalt verfügbar,https://www.stepstone.de/stellenangebote--Elektronik-Entwicklungsingenieur-m-w-d-Ludwigsburg-Ludwigsburg-Marketplace-Hub--13127447-inline.html,2025-11-11 16:41:23
PROJEKTLEITER ELEKTRIK (m/w/d - Vollzeit) (Techniker/in - Bautechnik (o. Schwerpunkt)/B. Prof. Technik),,Neugersdorf,vor 16 Stunden,Vollzeit,Vor Ort,Gehalt verfügbar,https://www.stepstone.de/stellenangebote--PROJEKTLEITER-ELEKTRIK-m-w-d-Vollzeit-Techniker-in-Bautechnik-o-Schwerpunkt-B-Prof-Technik-Ebersbach-Neugersdorf-Marketplace-Hub--13201223-inline.html,2025-11-11 16:41:23
Ausbildung Fachinformatiker Systemintegration 2026 (m/w/d),,Blaubeuren,vor 16 Stunden,Vollzeit,Vor Ort,,https://www.stepstone.de/stellenangebote--Ausbildung-Fachinformatiker-Systemintegration-2026-m-w-d-Blaubeuren-centrotherm-international-AG--13060160-inline.html,2025-11-11 16:41:23
(JUNIOR) SOFTWARE PROJEKTLEITER (M/W/D),,Nürnberg,vor 16 Stunden,Vollzeit,Teilweise Home-Office,Gehalt verfügbar,https://www.stepstone.de/stellenangebote--JUNIOR-SOFTWARE-PROJEKTLEITER-M-W-D-Nuernberg-Marketplace-Hub--12742081-inline.html,2025-11-11 16:41:23
Systemadministrator/ E-Commerce Manager (m/w/d),,Anhausen,vor 16 Stunden,Vollzeit,Vor Ort,Gehalt verfügbar,https://www.stepstone.de/stellenangebote--Systemadministrator-E-Commerce-Manager-m-w-d-Anhausen-Marketplace-Hub--12137862-inline.html,2025-11-11 16:41:23
Software-Entwickler/-in Steuerungsprogrammierung (m/w/d),,Beverungen,vor 14 Stunden,Vollzeit,Vor Ort,Gehalt verfügbar,https://www.stepstone.de/stellenangebote--Software-Entwickler-in-Steuerungsprogrammierung-m-w-d-Beverungen-Marketplace-Hub--13061624-inline.html,2025-11-11 16:41:23
IT-Systemadministrator (m/w/d),,Solingen,vor 16 Stunden,Vollzeit,Vor Ort,Gehalt verfügbar,https://www.stepstone.de/stellenangebote--IT-Systemadministrator-m-w-d-Solingen-Marketplace-Hub--13061321-inline.html,2025-11-11 16:41:23
Cloud & IT Consultant (M/E/N/S/C/H),,Ismaning,vor 16 Stunden,Vollzeit,Teilweise Home-Office,,https://www.stepstone.de/stellenangebote--Cloud-IT-Consultant-M-E-N-S-C-H-Ismaning-Marketplace-Hub--12571571-inline.html,2025-11-11 16:41:23
IT-Techniker (m/w/d) im Rechenzentrumbetrieb - Region Uelzen / Paderborn,,Paderborn,vor 16 Stunden,Vollzeit,Teilweise Home-Office,Gehalt verfügbar,https://www.stepstone.de/stellenangebote--IT-Techniker-m-w-d-im-Rechenzentrumbetrieb-Region-Uelzen-Paderborn-Paderborn-Marketplace-Hub--13201023-inline.html,2025-11-11 16:41:23
IT-Systemadministrator (m/w/d),,Waldkraiburg,vor 16 Stunden,Vollzeit,Teilweise Home-Office,Gehalt verfügbar,https://www.stepstone.de/stellenangebote--IT-Systemadministrator-m-w-d-Waldkraiburg-Marketplace-Hub--13126347-inline.html,2025-11-11 16:41:23
IT-Support Buchhaltung Lohn/Gehalt (m/w/d) in Vollzeit unbefristet,,Brensbach,vor 16 Stunden,Vollzeit,Vor Ort,Gehalt verfügbar,https://www.stepstone.de/stellenangebote--IT-Support-Buchhaltung-Lohn-Gehalt-m-w-d-in-Vollzeit-unbefristet-Brensbach-Marketplace-Hub--13199852-inline.html,2025-11-11 16:41:23
ENTWICKLER ELEKTROTECHNIK / ELEKTROPLANER (M/W/D),,Lörrach,vor 16 Stunden,Vollzeit,Vor Ort,Gehalt verfügbar,https://www.stepstone.de/stellenangebote--ENTWICKLER-ELEKTROTECHNIK-ELEKTROPLANER-M-W-D-Loerrach-Marketplace-Hub--12739557-inline.html,2025-11-11 16:41:24
Laravel Developer - KI-Plattform (m/w/d),,Rhein,vor 16 Stunden,Vollzeit,Teilweise Home-Office,Gehalt verfügbar,https://www.stepstone.de/stellenangebote--Laravel-Developer-KI-Plattform-m-w-d-Monheim-am-Rhein-Marketplace-Hub--12933425-inline.html,2025-11-11 16:41:24
Sozialpädagog*innen (m/w/d),,Bersenbrück,vor 16 Stunden,Vollzeit,Teilweise Home-Office,Gehalt verfügbar,https://www.stepstone.de/stellenangebote--Sozialpaedagoginnen-m-w-d-Bersenbrueck-Marketplace-Hub--13127424-inline.html,2025-11-11 16:41:24
IT Mitarbeiter*in auf Minijob-Basis,,Ibbenbüren,vor 16 Stunden,Vollzeit,Vor Ort,Gehalt verfügbar,https://www.stepstone.de/stellenangebote--IT-Mitarbeiterin-auf-Minijob-Basis-Ibbenbueren-Marketplace-Hub--13064292-inline.html,2025-11-11 16:41:24
Praktikum Elektrotechnik,,Deutschland,vor 16 Stunden,Vollzeit,Teilweise Home-Office,,https://www.stepstone.de/stellenangebote--Praktikum-Elektrotechnik-Dresden-Deutschland-Marketplace-Hub--13126065-inline.html,2025-11-11 16:41:24
Fachinformatiker – Anwendungsentwicklung / Software-Entwickler (m/w/d),,Parkstein,vor 16 Stunden,Vollzeit,Vor Ort,Gehalt verfügbar,https://www.stepstone.de/stellenangebote--Fachinformatiker-Anwendungsentwicklung-Software-Entwickler-m-w-d-Parkstein-Marketplace-Hub--13201258-inline.html,2025-11-11 16:41:32
Technischer Mitarbeiter (m/w/d),,Weisendorf,vor 16 Stunden,Vollzeit,Vor Ort,Gehalt verfügbar,https://www.stepstone.de/stellenangebote--Technischer-Mitarbeiter-m-w-d-Weisendorf-Marketplace-Hub--13200658-inline.html,2025-11-11 16:41:32
IT Manager (m/f/d),,Oberding,vor 7 Stunden,Vollzeit,Teilweise Home-Office,Gehalt verfügbar,https://www.stepstone.de/stellenangebote--IT-Manager-m-f-d-Oberding-Marketplace-Hub--13187602-inline.html,2025-11-11 16:41:32
(Senior) MLOps Engineer (f/m/d),,Karlsruhe,vor 15 Stunden,Vollzeit,Vor Ort,Gehalt verfügbar,https://www.stepstone.de/stellenangebote--Senior-MLOps-Engineer-f-m-d-Karlsruhe-Marketplace-Hub--11795834-inline.html,2025-11-11 16:41:32
Büro / Verwaltung / Sachbearbeitung Beratung & Verkauf,,Ibbenbüren,vor 16 Stunden,Vollzeit,Vor Ort,Gehalt verfügbar,https://www.stepstone.de/stellenangebote--Buero-Verwaltung-Sachbearbeitung-Beratung-Verkauf-Ibbenbueren-Marketplace-Hub--13200024-inline.html,2025-11-11 16:41:33
Elektroniker für Informations- und Telekommunikationstechnik (m/w/d),,Rhein,vor 16 Stunden,Vollzeit,Vor Ort,Gehalt verfügbar,https://www.stepstone.de/stellenangebote--Elektroniker-fuer-Informations-und-Telekommunikationstechnik-m-w-d-Gernsheim-Rhein-Marketplace-Hub--13200433-inline.html,2025-11-11 16:41:33
Werkstudierende Informatik/IT (m/w/d),,Lahnau,vor 16 Stunden,Vollzeit,Vor Ort,,https://www.stepstone.de/stellenangebote--Werkstudierende-Informatik-IT-m-w-d-Lahnau-Marketplace-Hub--13201314-inline.html,2025-11-11 16:41:33
IT-Service Techniker (m/w/d),,Bochum,vor 16 Stunden,Vollzeit,Vor Ort,Gehalt verfügbar,https://www.stepstone.de/stellenangebote--IT-Service-Techniker-m-w-d-Bochum-Marketplace-Hub--13200608-inline.html,2025-11-11 16:41:33
(Senior) Sales Consultant Manager (M/E/N/S/C/H),,Ismaning,vor 16 Stunden,Vollzeit,Vor Ort,,https://www.stepstone.de/stellenangebote--Senior-Sales-Consultant-Manager-M-E-N-S-C-H-Ismaning-Marketplace-Hub--12571411-inline.html,2025-11-11 16:41:33
Leckageorter (m/w/d,,Reisiek,vor 16 Stunden,Vollzeit,Vor Ort,Gehalt verfügbar,https://www.stepstone.de/stellenangebote--Leckageorter-m-w-d-Koelln-Reisiek-Marketplace-Hub--13200199-inline.html,2025-11-11 16:41:33
DevOps Consultant (M/E/N/S/C/H),,Ismaning,vor 16 Stunden,Vollzeit,Vor Ort,,https://www.stepstone.de/stellenangebote--DevOps-Consultant-M-E-N-S-C-H-Ismaning-Marketplace-Hub--12571289-inline.html,2025-11-11 16:41:33
Microsoft M365 Consultant (M/E/N/S/C/H),,Ismaning,vor 16 Stunden,Vollzeit,Teilweise Home-Office,Gehalt verfügbar,https://www.stepstone.de/stellenangebote--Microsoft-M365-Consultant-M-E-N-S-C-H-Ismaning-Marketplace-Hub--12571542-inline.html,2025-11-11 16:41:33
Praktikant für IT-Administration und Consulting (m/w/d),,Bewerbung,vor 16 Stunden,Vollzeit,Vor Ort,,https://www.stepstone.de/stellenangebote--Praktikant-fuer-IT-Administration-und-Consulting-m-w-d-Landau-an-der-Isar-Marketplace-Hub--12571290-inline.html,2025-11-11 16:41:33
Systemadministrator (m/w/d),,Montabaur,vor 16 Stunden,Vollzeit,Vor Ort,Gehalt verfügbar,https://www.stepstone.de/stellenangebote--Systemadministrator-m-w-d-Montabaur-Marketplace-Hub--13061349-inline.html,2025-11-11 16:41:33
Mechatroniker (m/w/d) Medientechnische Anlagen,,Magdeburg,vor 15 Stunden,Vollzeit,Vor Ort,Gehalt verfügbar,https://www.stepstone.de/stellenangebote--Mechatroniker-m-w-d-Medientechnische-Anlagen-Magdeburg-Marketplace-Hub--13201219-inline.html,2025-11-11 16:41:33
Ausbildungsplätze für Computerfreaks (m/w/d),,Bewerbung,vor 15 Stunden,Vollzeit,Vor Ort,,https://www.stepstone.de/stellenangebote--Ausbildungsplaetze-fuer-Computerfreaks-m-w-d-Neustadt-am-Ruebenberge-Marketplace-Hub--13063447-inline.html,2025-11-11 16:41:34
Multimedia-Techniker*in (m/w/d) für den Außendienst,,Gevelsberg,vor 16 Stunden,Vollzeit,Vor Ort,Gehalt verfügbar,https://www.stepstone.de/stellenangebote--Multimedia-Technikerin-m-w-d-fuer-den-Aussendienst-Gevelsberg-Marketplace-Hub--13199807-inline.html,2025-11-11 16:41:34
SUPPORT- & APPLIKATIONS-INGENIEUR M/W/D,,Salmdorf,vor 16 Stunden,Vollzeit,Teilweise Home-Office,Gehalt verfügbar,https://www.stepstone.de/stellenangebote--SUPPORT-APPLIKATIONS-INGENIEUR-M-W-D-Haar-Salmdorf-Marketplace-Hub--12620362-inline.html,2025-11-11 16:41:34
Softwareingenieur Automatisierungstechnik (m/w/d),,Mecklenburg,vor 15 Stunden,Vollzeit,Vor Ort,Gehalt verfügbar,https://www.stepstone.de/stellenangebote--Softwareingenieur-Automatisierungstechnik-m-w-d-Schwerin-Mecklenburg-Marketplace-Hub--13200575-inline.html,2025-11-11 16:41:34
Pflegedienstleitung (m/w/d) in Vollzeit (nur werktags),,Mannheim,vor 16 Stunden,Vollzeit,Vor Ort,Gehalt verfügbar,https://www.stepstone.de/stellenangebote--Pflegedienstleitung-m-w-d-in-Vollzeit-nur-werktags-Mannheim-Marketplace-Hub--13201042-inline.html,2025-11-11 16:41:34
Auszubildende zum IT-Systemkaufmann (m/w/d),,Bordesholm,vor 16 Stunden,Vollzeit,Vor Ort,,https://www.stepstone.de/stellenangebote--Auszubildende-zum-IT-Systemkaufmann-m-w-d-Bordesholm-Marketplace-Hub--13063471-inline.html,2025-11-11 16:41:34
"Only for IT Erasmus Internship: IT, Graphic Designer and/or Computer Science&Technologies on MA-Level",,Bewerbung,vor 15 Stunden,Vollzeit,Vor Ort,,https://www.stepstone.de/stellenangebote--Only-for-IT-Erasmus-Internship-IT-Graphic-Designer-and-or-Computer-ScienceTechnologies-on-MA-Level-Berlin-Marketplace-Hub--11740690-inline.html,2025-11-11 16:41:34
Produktionsmitarbeiter (m/w/d),,Sassendorf,vor 16 Stunden,Vollzeit,Teilweise Home-Office,Gehalt verfügbar,https://www.stepstone.de/stellenangebote--Produktionsmitarbeiter-m-w-d-Bad-Sassendorf-Marketplace-Hub--13200869-inline.html,2025-11-11 16:41:34
IT-Support-Spezialist (m/w/d) – Starte deine Karriere bei Netmaker e.K.!,,Forstinning,vor 16 Stunden,Vollzeit,Teilweise Home-Office,Gehalt verfügbar,https://www.stepstone.de/stellenangebote--IT-Support-Spezialist-m-w-d-Starte-deine-Karriere-bei-Netmaker-e-K-Forstinning-Marketplace-Hub--13200090-inline.html,2025-11-11 16:41:34
IT-Systemadministrator Linux/Unix (m/w/d),,Hilden,vor 15 Stunden,Vollzeit,Teilweise Home-Office,Gehalt verfügbar,https://www.stepstone.de/stellenangebote--IT-Systemadministrator-Linux-Unix-m-w-d-Hilden-Marketplace-Hub--11742739-inline.html,2025-11-11 16:41:34
Systemadministrator/in (m/w/d),,Driburg,vor 15 Stunden,Vollzeit,Vor Ort,Gehalt verfügbar,https://www.stepstone.de/stellenangebote--Systemadministrator-in-m-w-d-Bad-Driburg-Marketplace-Hub--13201022-inline.html,2025-11-11 16:41:42
Zur Unterstützung unseres Teams suchen wir ab sofort einen Physiker/Systemingenieur Optronik (m/w/d),,Ismaning,vor 15 Stunden,Vollzeit,Teilweise Home-Office,Gehalt verfügbar,https://www.stepstone.de/stellenangebote--Zur-Unterstuetzung-unseres-Teams-suchen-wir-ab-sofort-einen-Physiker-Systemingenieur-Optronik-m-w-d-Ismaning-Marketplace-Hub--13201619-inline.html,2025-11-11 16:41:42
Werkstudent Datensätze (m/w/d),,München,vor 13 Stunden,Werkstudent,Teilweise Home-Office,,https://www.stepstone.de/stellenangebote--Werkstudent-Datensaetze-m-w-d-Muenchen-Marketplace-Hub--13318284-inline.html,2025-11-11 16:41:43
Fachinformatiker für Systemintegration (m/w/d),,Bewerbung,vor 15 Stunden,Vollzeit,Vor Ort,,https://www.stepstone.de/stellenangebote--Fachinformatiker-fuer-Systemintegration-m-w-d-Ibbenbueren-Deutschland-Marketplace-Hub--12996978-inline.html,2025-11-11 16:41:43
Systemadministration und Projektsupport (m/w),,Deutschland,vor 16 Stunden,Vollzeit,Teilweise Home-Office,Gehalt verfügbar,https://www.stepstone.de/stellenangebote--Systemadministration-und-Projektsupport-m-w-Nuernberg-Deutschland-Marketplace-Hub--12620099-inline.html,2025-11-11 16:41:43
IT-Systemadministrator (m/w/d),,Leipzig,vor 16 Stunden,Vollzeit,Teilweise Home-Office,Gehalt verfügbar,https://www.stepstone.de/stellenangebote--IT-Systemadministrator-m-w-d-Leipzig-Marketplace-Hub--11849623-inline.html,2025-11-11 16:41:43
IT System-Engineer (m/w/d),,Ludwigsburg,vor 16 Stunden,Vollzeit,Vor Ort,Gehalt verfügbar,https://www.stepstone.de/stellenangebote--IT-System-Engineer-m-w-d-Ludwigsburg-Marketplace-Hub--13316841-inline.html,2025-11-11 16:41:43
Product Owner (m/w/d) Bildverarbeitung,,München,vor 14 Stunden,Vollzeit,Teilweise Home-Office,Gehalt verfügbar,https://www.stepstone.de/stellenangebote--Product-Owner-m-w-d-Bildverarbeitung-Muenchen-Marketplace-Hub--13318195-inline.html,2025-11-11 16:41:43
Fachinformatiker / Netzwerktechniker / IT-Systemtechniker (w/m/d),,Berlin,vor 16 Stunden,Vollzeit,Teilweise Home-Office,Gehalt verfügbar,https://www.stepstone.de/stellenangebote--Fachinformatiker-Netzwerktechniker-IT-Systemtechniker-w-m-d-Berlin-Marketplace-Hub--12995478-inline.html,2025-11-11 16:41:43
Servicetechniker/in (m/w/d) für Wartungs- und Servicearbeiten an SAA/ELA Anlagen,,Rhein,vor 16 Stunden,Vollzeit,Vor Ort,Gehalt verfügbar,https://www.stepstone.de/stellenangebote--Servicetechniker-in-m-w-d-fuer-Wartungs-und-Servicearbeiten-an-SAA-ELA-Anlagen-Ludwigshafen-am-Rhein-Marketplace-Hub--13199671-inline.html,2025-11-11 16:41:43
Werkstudent IT-Systemadministrator (w/m/d),,Dortmund,vor 16 Stunden,Werkstudent,Vor Ort,,https://www.stepstone.de/stellenangebote--Werkstudent-IT-Systemadministrator-w-m-d-Dortmund-Marketplace-Hub--13061330-inline.html,2025-11-11 16:41:43
Absolvent:in Informatik / Elektrotechnik (w/m/d) - Einstieg als IT-Systemtechniker:in,,Berlin,vor 16 Stunden,Vollzeit,Teilweise Home-Office,Gehalt verfügbar,https://www.stepstone.de/stellenangebote--Absolvent-in-Informatik-Elektrotechnik-w-m-d-Einstieg-als-IT-Systemtechniker-in-Berlin-Marketplace-Hub--12995493-inline.html,2025-11-11 16:41:43
Lehrkraft [m/w/d] für Informatik & Mathematik und die IT-Administration,,Bexbach,vor 7 Stunden,Vollzeit,Vor Ort,Gehalt verfügbar,https://www.stepstone.de/stellenangebote--Lehrkraft-m-w-d-fuer-Informatik-Mathematik-und-die-IT-Administration-Bexbach-Marketplace-Hub--13318116-inline.html,2025-11-11 16:41:43
IT-Support-Springer (m/w/d) - TV-Sender & Bankenumfeld in Mainz & Frankfurt,,Deutschland,vor 14 Stunden,Vollzeit,Vor Ort,Gehalt verfügbar,https://www.stepstone.de/stellenangebote--IT-Support-Springer-m-w-d-TV-Sender-Bankenumfeld-in-Mainz-Frankfurt-Mainz-Deutschland-Marketplace-Hub--13316980-inline.html,2025-11-11 16:41:44
Job IT-Supportmitarbeiter und -Servicetechniker (m/w/d) in Chemnitz,,Deutschland,vor 11 Stunden,Vollzeit,Teilweise Home-Office,Gehalt verfügbar,https://www.stepstone.de/stellenangebote--Job-IT-Supportmitarbeiter-und-Servicetechniker-m-w-d-in-Chemnitz-Chemnitz-Deutschland-Marketplace-Hub--13185975-inline.html,2025-11-11 16:41:44
Elektroniker/in für Energie- und Gebäudetechnik (m/w/d),,Schwarzenbek,vor 16 Stunden,Vollzeit,Vor Ort,Gehalt verfügbar,https://www.stepstone.de/stellenangebote--Elektroniker-in-fuer-Energie-und-Gebaeudetechnik-m-w-d-Schwarzenbek-Marketplace-Hub--13063541-inline.html,2025-11-11 16:41:44
Mengenstrom-Koordinator (m/w/d),,Stade,vor 16 Stunden,Vollzeit,Vor Ort,Gehalt verfügbar,https://www.stepstone.de/stellenangebote--Mengenstrom-Koordinator-m-w-d-Stade-Marketplace-Hub--13127204-inline.html,2025-11-11 16:41:44
Fachinformatiker (m/w/d) für Systemintegration / Informationselektroniker (m/w/d) im Kundendienst,,Kiel,vor 16 Stunden,Vollzeit,Vor Ort,Gehalt verfügbar,https://www.stepstone.de/stellenangebote--Fachinformatiker-m-w-d-fuer-Systemintegration-Informationselektroniker-m-w-d-im-Kundendienst-Kiel-Marketplace-Hub--13200548-inline.html,2025-11-11 16:41:44
Principal AI Engineer (m/w/d),,Berlin,vor 15 Stunden,Vollzeit,Teilweise Home-Office,Gehalt verfügbar,https://www.stepstone.de/stellenangebote--Principal-AI-Engineer-m-w-d-Berlin-Marketplace-Hub--13064169-inline.html,2025-11-11 16:41:44
Projektleiter (m/w/d),,Schwarzenbek,vor 14 Stunden,Vollzeit,Vor Ort,Gehalt verfügbar,https://www.stepstone.de/stellenangebote--Projektleiter-m-w-d-Schwarzenbek-Marketplace-Hub--13063409-inline.html,2025-11-11 16:41:44
Pflegefachkraft Sozialdienst stationär Iserlohn,,Iserlohn,vor 15 Stunden,Vollzeit,Teilweise Home-Office,Gehalt verfügbar,https://www.stepstone.de/stellenangebote--Pflegefachkraft-Sozialdienst-stationaer-Iserlohn-Iserlohn-Marketplace-Hub--13126653-inline.html,2025-11-11 16:41:44
IT-Berater/in (m/w/d),,Itzehoe,vor 16 Stunden,Vollzeit,Teilweise Home-Office,Gehalt verfügbar,https://www.stepstone.de/stellenangebote--IT-Berater-in-m-w-d-Itzehoe-Marketplace-Hub--13199678-inline.html,2025-11-11 16:41:44
Senior Consultant (m/w/d),,Breisgau,vor 16 Stunden,Vollzeit,Teilweise Home-Office,Gehalt verfügbar,https://www.stepstone.de/stellenangebote--Senior-Consultant-m-w-d-Freiburg-im-Breisgau-Marketplace-Hub--13200707-inline.html,2025-11-11 16:41:44
Automation Spezialist (m/w/d) Anlagensteuerung - Programmierung,,Augsburg,vor 16 Stunden,Vollzeit,Teilweise Home-Office,Gehalt verfügbar,https://www.stepstone.de/stellenangebote--Automation-Spezialist-m-w-d-Anlagensteuerung-Programmierung-Augsburg-Marketplace-Hub--12995597-inline.html,2025-11-11 16:41:44
Werkstudent:in Golang Backend Development (w/m/d),,Deutschland,vor 16 Stunden,Werkstudent,Teilweise Home-Office,,https://www.stepstone.de/stellenangebote--Werkstudent-in-Golang-Backend-Development-w-m-d-Karlsruhe-Deutschland-Marketplace-Hub--12496784-inline.html,2025-11-11 16:41:45
Software-Entwickler/in (m/w/d) Notes/Domino,,Untersiemau,vor 16 Stunden,Vollzeit,Teilweise Home-Office,Gehalt verfügbar,https://www.stepstone.de/stellenangebote--Software-Entwickler-in-m-w-d-Notes-Domino-Untersiemau-Marketplace-Hub--13200803-inline.html,2025-11-11 16:41:53
Software-Entwickler/-in Kommunikationsprogrammierung (m/w/d),,Beverungen,vor 16 Stunden,Vollzeit,Vor Ort,Gehalt verfügbar,https://www.stepstone.de/stellenangebote--Software-Entwickler-in-Kommunikationsprogrammierung-m-w-d-Beverungen-Marketplace-Hub--13061625-inline.html,2025-11-11 16:41:53
Texter w/m/d,,Wiesbaden,vor 16 Stunden,Vollzeit,Teilweise Home-Office,Gehalt verfügbar,https://www.stepstone.de/stellenangebote--Texter-w-m-d-Wiesbaden-Marketplace-Hub--12933379-inline.html,2025-11-11 16:41:53
Ausbildung zum Fachinformatiker Systemintegration - 2026 (m/w/d),,Deutschland,vor 14 Stunden,Vollzeit,Vor Ort,,https://www.stepstone.de/stellenangebote--Ausbildung-zum-Fachinformatiker-Systemintegration-2026-m-w-d-Schwarzenbach-an-der-Saale-Deutschland-Marketplace-Hub--13316846-inline.html,2025-11-11 16:41:53
Mitarbeiter Vertriebsinnendienst (m/w/d) bei HASOMED GmbH,,Deutschland,vor 6 Stunden,Vollzeit,Vor Ort,Gehalt verfügbar,https://www.stepstone.de/stellenangebote--Mitarbeiter-Vertriebsinnendienst-m-w-d-bei-HASOMED-GmbH-Magdeburg-Deutschland-Marketplace-Hub--13318074-inline.html,2025-11-11 16:41:53
"Architekt, Bauingenieur oder Techniker (Hochbau) (m/w/d)",,Calau,vor 15 Stunden,Vollzeit,Vor Ort,Gehalt verfügbar,https://www.stepstone.de/stellenangebote--Architekt-Bauingenieur-oder-Techniker-Hochbau-m-w-d-Calau-Marketplace-Hub--11805357-inline.html,2025-11-11 16:41:53
BACHELOR OF ENGINEERING (DHBW) ELEKTROTECHNIK (M/W/D),,Offenburg,vor 16 Stunden,Vollzeit,Vor Ort,,https://www.stepstone.de/stellenangebote--BACHELOR-OF-ENGINEERING-DHBW-ELEKTROTECHNIK-M-W-D-Grossraum-Offenburg-J-Schneider-Elektrotechnik-GmbH--11044824-inline.html,2025-11-11 16:41:53
Servicetechniker Für Brandmeldeanlagen Und Sicherheitstechnik (M/w/d),,Fahrenbach,vor 15 Stunden,Vollzeit,Vor Ort,Gehalt verfügbar,https://www.stepstone.de/stellenangebote--Servicetechniker-Fuer-Brandmeldeanlagen-Und-Sicherheitstechnik-M-w-d-Fahrenbach-Marketplace-Hub--11204620-inline.html,2025-11-11 16:41:53
Ingenieur/ Meister/ Techniker (M/w/d) Für Elektrotechnik Als Planer Und Berater (M/w/d) - (Weiterbildung),,Deutschland,vor 15 Stunden,Vollzeit,Vor Ort,Gehalt verfügbar,https://www.stepstone.de/stellenangebote--Ingenieur-Meister-Techniker-M-w-d-Fuer-Elektrotechnik-Als-Planer-Und-Berater-M-w-d-Weiterbildung-Wetzlar-Hessen-Deutschland-Marketplace-Hub--11204091-inline.html,2025-11-11 16:41:54
AI Engineer – Innovation & Experience (m/w/d),,Berlin,vor 16 Stunden,Vollzeit,Teilweise Home-Office,Gehalt verfügbar,https://www.stepstone.de/stellenangebote--AI-Engineer-Innovation-Experience-m-w-d-Berlin-Marketplace-Hub--13064285-inline.html,2025-11-11 16:41:54
Inside Sales Manager Payment / Vertriebsinnendienst Payment (m/w/d) | Gewinnblick Holding,,Uhingen,vor 16 Stunden,Vollzeit,Teilweise Home-Office,Gehalt verfügbar,https://www.stepstone.de/stellenangebote--Inside-Sales-Manager-Payment-Vertriebsinnendienst-Payment-m-w-d-Gewinnblick-Holding-Uhingen-Marketplace-Hub--13064118-inline.html,2025-11-11 16:41:54
Techniker für Haushaltsrobotik (m/w/d),,Velbert,vor 16 Stunden,Vollzeit,Vor Ort,Gehalt verfügbar,https://www.stepstone.de/stellenangebote--Techniker-fuer-Haushaltsrobotik-m-w-d-Heiligenhaus-bei-Velbert-Marketplace-Hub--13200607-inline.html,2025-11-11 16:41:54
Lagerlogistiker (m/w/d),,Rellingen,vor 16 Stunden,Vollzeit,Vor Ort,Gehalt verfügbar,https://www.stepstone.de/stellenangebote--Lagerlogistiker-m-w-d-Rellingen-Marketplace-Hub--13199787-inline.html,2025-11-11 16:41:54
Produktionshelfer Kabelfertigung (m/w/d),,Augsburg,vor 16 Stunden,Vollzeit,Vor Ort,Gehalt verfügbar,https://www.stepstone.de/stellenangebote--Produktionshelfer-Kabelfertigung-m-w-d-Augsburg-Marketplace-Hub--13127613-inline.html,2025-11-11 16:41:54
IT-Systemadministrator (m/w/d),,Deutschland,vor 15 Stunden,Vollzeit,Teilweise Home-Office,Gehalt verfügbar,https://www.stepstone.de/stellenangebote--IT-Systemadministrator-m-w-d-Erfurt-Deutschland-Marketplace-Hub--13185973-inline.html,2025-11-11 16:41:54
Werkstudent Produktmanager für E-Commerce Software (D/M/W),,Bewerbung,vor 15 Stunden,Werkstudent,Vor Ort,,https://www.stepstone.de/stellenangebote--Werkstudent-Produktmanager-fuer-E-Commerce-Software-D-M-W-Nuernberg-Deutschland-Marketplace-Hub--12491889-inline.html,2025-11-11 16:41:54
Werkstudent Vertrieb für E-Commerce Software (D/M/W),,Bewerbung,vor 15 Stunden,Werkstudent,Vor Ort,,https://www.stepstone.de/stellenangebote--Werkstudent-Vertrieb-fuer-E-Commerce-Software-D-M-W-Nuernberg-Deutschland-Marketplace-Hub--12492012-inline.html,2025-11-11 16:41:54
Werkstudent Marketing Manager (D/M/W),,Bewerbung,vor 16 Stunden,Werkstudent,Vor Ort,,https://www.stepstone.de/stellenangebote--Werkstudent-Marketing-Manager-D-M-W-Nuernberg-Deutschland-Marketplace-Hub--12492126-inline.html,2025-11-11 16:41:54
IT-Kaufmann/-frau,,Deutschland,vor 15 Stunden,Vollzeit,Vor Ort,,https://www.stepstone.de/stellenangebote--IT-Kaufmann-frau-Gewerbegebiet-Oskar-Maerker-Strasse-24-86655-Harburg-Schwaben-Deutschland-Marketplace-Hub--13063548-inline.html,2025-11-11 16:41:54
Elektroniker SMT-Fertigung (m/w/d),,Augsburg,vor 16 Stunden,Vollzeit,Vor Ort,Gehalt verfügbar,https://www.stepstone.de/stellenangebote--Elektroniker-SMT-Fertigung-m-w-d-Augsburg-Marketplace-Hub--13127620-inline.html,2025-11-11 16:41:55
Werkstudent in der IT (m/w/d),,Augustin,vor 16 Stunden,Werkstudent,Vor Ort,,https://www.stepstone.de/stellenangebote--Werkstudent-in-der-IT-m-w-d-Sankt-Augustin-Marketplace-Hub--13127116-inline.html,2025-11-11 16:41:55
Elektrotechniker/Elektroniker Prüffeld (m/w/d),,Augsburg,vor 16 Stunden,Vollzeit,Vor Ort,Gehalt verfügbar,https://www.stepstone.de/stellenangebote--Elektrotechniker-Elektroniker-Prueffeld-m-w-d-Augsburg-Marketplace-Hub--13127615-inline.html,2025-11-11 16:41:55
Supportmitarbeiter (m/w/d),,Magdeburg,vor 16 Stunden,Vollzeit,Teilweise Home-Office,Gehalt verfügbar,https://www.stepstone.de/stellenangebote--Supportmitarbeiter-m-w-d-Magdeburg-Marketplace-Hub--12997090-inline.html,2025-11-11 16:41:55
Senior Unity Developer (w/m/d),,München,vor 16 Stunden,Vollzeit,Teilweise Home-Office,Gehalt verfügbar,https://www.stepstone.de/stellenangebote--Senior-Unity-Developer-w-m-d-Muenchen-Marketplace-Hub--12198321-inline.html,2025-11-11 16:41:55
Mitarbeiter Kundenservice & Support (m/w/d),,Magdeburg,vor 16 Stunden,Vollzeit,Teilweise Home-Office,Gehalt verfügbar,https://www.stepstone.de/stellenangebote--Mitarbeiter-Kundenservice-Support-m-w-d-Magdeburg-Marketplace-Hub--12997089-inline.html,2025-11-11 16:41:55
Vertriebsmitarbeiter Außendienst (m/w/d) in Germering,,Deutschland,vor 5 Stunden,Vollzeit,Vor Ort,Gehalt verfügbar,https://www.stepstone.de/stellenangebote--Vertriebsmitarbeiter-Aussendienst-m-w-d-in-Germering-82110-Germering-Deutschland-Marketplace-Hub--13318063-inline.html,2025-11-11 16:42:02
Sales Manager Außendienst (m/w/d) in Germering,,Deutschland,vor 5 Stunden,Vollzeit,Vor Ort,Gehalt verfügbar,https://www.stepstone.de/stellenangebote--Sales-Manager-Aussendienst-m-w-d-in-Germering-82110-Germering-Deutschland-Marketplace-Hub--13318078-inline.html,2025-11-11 16:42:03
Kundenbetreuer Außendienst (m/w/d) in Germering,,Deutschland,vor 15 Stunden,Vollzeit,Vor Ort,Gehalt verfügbar,https://www.stepstone.de/stellenangebote--Kundenbetreuer-Aussendienst-m-w-d-in-Germering-82110-Germering-Deutschland-Marketplace-Hub--13318082-inline.html,2025-11-11 16:42:03
QA- Manager für Speed4Trade COMMERCE (m/w/d),,Waldnaab,vor 16 Stunden,Vollzeit,Teilweise Home-Office,Gehalt verfügbar,https://www.stepstone.de/stellenangebote--QA-Manager-fuer-Speed4Trade-COMMERCE-m-w-d-Altenstadt-an-der-Waldnaab-Marketplace-Hub--13201700-inline.html,2025-11-11 16:42:03
Webdeveloper für unsere Cloud-Plattform “INTELLIFANT” (m/w/d),,Waldnaab,vor 16 Stunden,Vollzeit,Teilweise Home-Office,Gehalt verfügbar,https://www.stepstone.de/stellenangebote--Webdeveloper-fuer-unsere-Cloud-Plattform-INTELLIFANT-m-w-d-Altenstadt-an-der-Waldnaab-Marketplace-Hub--13201200-inline.html,2025-11-11 16:42:03
AI Engineering Intern (Human),,Metzingen,vor 16 Stunden,Vollzeit,Vor Ort,,https://www.stepstone.de/stellenangebote--AI-Engineering-Intern-Human-Metzingen-Marketplace-Hub--13127467-inline.html,2025-11-11 16:42:03
AI Data Engineer (Human),,Metzingen,vor 16 Stunden,Vollzeit,Vor Ort,Gehalt verfügbar,https://www.stepstone.de/stellenangebote--AI-Data-Engineer-Human-Metzingen-Marketplace-Hub--13127480-inline.html,2025-11-11 16:42:03
Technical Drafter for Humanoid Robots (Human),,Metzingen,vor 16 Stunden,Vollzeit,Vor Ort,Gehalt verfügbar,https://www.stepstone.de/stellenangebote--Technical-Drafter-for-Humanoid-Robots-Human-Metzingen-Marketplace-Hub--13127465-inline.html,2025-11-11 16:42:03
IT-Techniker|in / Netzwerktechniker|in (m/w/d),,Bewerbung,vor 16 Stunden,Vollzeit,Vor Ort,,https://www.stepstone.de/stellenangebote--IT-Technikerin-Netzwerktechnikerin-m-w-d-Homburg-Marketplace-Hub--13061403-inline.html,2025-11-11 16:42:03
Metallbauer/-in (m/w/d),,Schmalkalden,vor 15 Stunden,Vollzeit,Teilweise Home-Office,Gehalt verfügbar,https://www.stepstone.de/stellenangebote--Metallbauer-in-m-w-d-Schmalkalden-Marketplace-Hub--13063401-inline.html,2025-11-11 16:42:03
Specialist Case & Data Management – Schwerpunkt Auftragsbearbeitung (m/w/d),,Münster,vor 16 Stunden,Vollzeit,Teilweise Home-Office,Gehalt verfügbar,https://www.stepstone.de/stellenangebote--Specialist-Case-Data-Management-Schwerpunkt-Auftragsbearbeitung-m-w-d-Muenster-Vectron-Systems-AG--11146177-inline.html,2025-11-11 16:42:03
Reinforcement Learning Expert for Humanoid Robots (Human),,Metzingen,vor 15 Stunden,Vollzeit,Vor Ort,Gehalt verfügbar,https://www.stepstone.de/stellenangebote--Reinforcement-Learning-Expert-for-Humanoid-Robots-Human-Metzingen-Marketplace-Hub--13127475-inline.html,2025-11-11 16:42:03
IT-Spezialist:in (all genders) für unser Krankenhausinformationssystem,,Hamburg,vor 13 Stunden,Vollzeit,Teilweise Home-Office,Gehalt verfügbar,https://www.stepstone.de/stellenangebote--IT-Spezialist-in-all-genders-fuer-unser-Krankenhausinformationssystem-Hamburg-Universitaetsklinikum-Hamburg-Eppendorf-UKE--13317885-inline.html,2025-11-11 16:42:04
Ausbildung zum Mechatroniker für Kältetechnik (m/w/d) für das Ausbildungsjahr 2026,,Köln,vor 14 Stunden,Vollzeit,Vor Ort,,https://www.stepstone.de/stellenangebote--Ausbildung-zum-Mechatroniker-fuer-Kaeltetechnik-m-w-d-fuer-das-Ausbildungsjahr-2026-Koeln-Pandomus-GmbH--13186523-inline.html,2025-11-11 16:42:04
